Name,Countries,Sovereigns,Islands,Glottocode
'ARE'ARE,,,Solomon Islands,area1240
'LOW-COUNTRY SEMANG'/Meni Gul,Malaysia,North-Western Malaysia,,
'LOW-COUNTRY SEMANG'/Semang of Juru',Malaysia,North-Western Malaysia,,
(KAMBERA)EAST SUMBANESE/Kambera,Indonesia,Indonesia,,nucl1521
(KAMBERA)EAST SUMBANESE/Kanatang,Indonesia,Indonesia,,kana1287
(KAMBERA)EAST SUMBANESE/Lewa,Indonesia,Indonesia,,lewa1240
(KAMBERA)EAST SUMBANESE/Mangili-Waijelo,Indonesia,Indonesia,,mang1406
(KAMBERA)EAST SUMBANESE/Melolo,Indonesia,Indonesia,,melo1243
(KAMBERA)EAST SUMBANESE/Southern,Indonesia,Indonesia,,sout2885
(KAMBERA)EAST SUMBANESE/Umbu Ratu Nggai,Indonesia,Indonesia,,umar1237
?,Indonesia; Taiwan,Borneo; Taiwan,,
? BAPU,Indonesia,,,
? KUWANI,Indonesia,,,
ABAGA,,,Papua New Guinea,abag1245
ABAI SUNGAI,,,,abai1240
ABASAKUR,,,Papua New Guinea,pall1244
ABAU,,,,
ABORLAN-TAGBANWA,Philippines,Philippines,,tagb1258
ABUI,East Timor,East Timor,,abui1241
ACEHNESE,Indonesia,Indonesia,,achi1257
ADABE,East Timor,East Timor,,adab1235
ADASEN,Philippines,Philippines,,adas1235
ADJORA,,,Papua New Guinea,abuu1241
ADYNYAMATHANHA,Australia,Australia,,adny1235
AEKA,,,Papua New Guinea,aeka1244
AFIFAMA-MANIAP,,,Papua New Guinea,
AGAATAHA,,,Papua New Guinea,
AGALA,,,Papua New Guinea,
AGARABI,,,Papua New Guinea,agar1252
AGARLUMA,Australia,Australia,,ngar1287
AGHU,Indonesia,,,aghu1255
AGI,,,Papua New Guinea,agii1245
AGOB,,,Papua New Guinea,agob1245
AGTA,Philippines,Philippines,,agta1234
AGUSAN MANOBO,Philippines,Philippines,,
AIKL,,,Papua New Guinea,
AIKWAKAI,,,,sika1263
AIOME,,,Papua New Guinea,aiom1240
AION Others,,,Papua New Guinea,amba1269
AIRORAN,Indonesia,,,airo1242
AJIE,,,New Caledonia,ajie1238
AK,,,Papua New Guinea,
AKEI,,,,akei1237
AKHA,Burma; Laos; Thailand,Laos; Thailand,,akha1245
AKHA/LAHU,Burma/Tailand,,,
AKLANON,Philippines,Philippines,,akla1240
AKRUKAI,,,Papua New Guinea,
ALAK,Laos,Laos,,alak1253
ALAMBLAK Karawari,,,Papua New Guinea,kara1494
ALANGAN,Philippines,Philippines,,alan1249
ALAS-KLUET,Indonesia,Indonesia,,bata1292
ALAWA,Australia,Australia,,alaw1244
ALBAY BIKOL,Philippines,Philippines,,
ALFENDIO,,,Papua New Guinea,nanu1240
ALI,,,Papua New Guinea,
ALU,,,Papua New Guinea,
ALYAWARRA,Australia,Australia,,alya1239
AMA,,,Papua New Guinea,
AMAHAI,Indonesia,Indonesia,,amah1245
AMAIMON,,,Papua New Guinea,amai1246
AMANAB,,,Papua New Guinea,aman1265
AMBASI,,,Papua New Guinea,amba1268
AMBLONG,,,,ambl1237
AMELE,,,Papua New Guinea,amel1241
AMI_Central,Taiwan,Taiwan,,cent2103
AMI_Northern,Taiwan,Taiwan,,
AMI_Sakizaya,Taiwan,Taiwan,,saki1247
AMI_Southern,Taiwan,Taiwan,,amis1246
AMI_Tayalong-Vataan,Taiwan,Taiwan,,
AMPANANG,Indonesia,Borneo,,ampa1239
AMTO,,,Papua New Guinea,amto1250
ANAKALANGU,Indonesia,Indonesia,,anak1240
ANAL,,,Papua New Guinea,
ANDARUM,,,Papua New Guinea,anda1284
ANDEGEREBINHA,Australia,Australia,,ande1247
ANEITYUM,,,Vanuatu,anei1239
ANEM,,,Papua New Guinea,anem1249
ANGAUA,,,Papua New Guinea,nend1239
ANGGOR,,,Papua New Guinea,ango1254
ANGKOLA-MANDAILING,Indonesia,Indonesia,,angk1248
ANGORAM,,,Papua New Guinea,ango1255
ANKAVE,,,Papua New Guinea,anka1246
ANMATJIRRA,Australia,Australia,,anma1239
ANOR,,,Papua New Guinea,anor1241
ANUKI,,,Papua New Guinea,anuk1239
ANUTA,,,,anut1237
AOHENG P.,,,,aohe1238
AOMIE(OMIE),,,Papua New Guinea,omie1241
AORE,,,,aore1237
APMA,,,Vanuatu,apma1240
ARAKI,,,,arak1252
ARAMO,,,Papua New Guinea,
ARANDAI,Indonesia,,,domb1240
ARAWE,,,Papua New Guinea,araw1283
ARAWUM,,,Papua New Guinea,araw1272
AREM/MAY/RUC,Laos,Laos,,arem1240
ARHA,,,New Caledonia,arha1237
ARHO,,,New Caledonia,arho1237
ARI-WARUNA Waruna,,,Papua New Guinea,waru1267
ARIFAMA-MANIAP,,,Papua New Guinea,
ARIFAMA-MINIAFIA,,,Papua New Guinea,mini1252
ARIGIBI,,,Papua New Guinea,arig1248
AROS,,,Solomon Islands,aros1241
ARU,,,Papua New Guinea,
ARUEK,,,Papua New Guinea,arue1240
ARUOP,,,Papua New Guinea,aruo1240
ASARO,,,Papua New Guinea,asar1240
ASAS,,,Papua New Guinea,asas1240
ASAT,,,Papua New Guinea,
ASU-ULU,Indonesia,Indonesia,,asil1242
ASUWERI,Indonesia,,,kasu1243
ATA MANOBO,Philippines,Philippines,,
ATAMANU,Indonesia,Indonesia,,
ATAYAL,Taiwan,Taiwan,,atay1247
ATAYAL_SEDEQ,Taiwan,Taiwan,,taro1264
ATAYAL_Ts'ole',Taiwan,Taiwan,,
ATAYAL_Ts'ole' and Sqoleq,Taiwan,Taiwan,,sqol1237
ATCHIN,,,Vanuatu,atch1238
ATEMPLE,,,Papua New Guinea,atem1241
ATINGGOLA,Indonesia,Sulawesi,,atin1241
ATTA,Philippines,Philippines,,atta1244
ATURU,,,,
AU,,,Papua New Guinea,
AULUA,,,Vanuatu,aulu1238
AUQU,,,Papua New Guinea,
AUSTRAL,,,,aust1304
AUSTRONESIAN,Indonesia,,Papua New Guinea,aust1307
AUTU,,,Papua New Guinea,
AUYANA,,,Papua New Guinea,auya1234
AWAEAKAL,Australia,Australia,,awab1243
AWAR,,,Papua New Guinea,awar1249
AWUN,,,Papua New Guinea,
AWYI,Indonesia,,,awyi1241
AXAMR,,,Vanuatu,
AZUKURU(Extinct),,,Solomon Islands,kazu1245
Abai,,,,abai1239
Adi,Indonesia,,,
Adiba,,,,
Adzera Family,,,Papua New Guinea,
Adzrac,,,Papua New Guinea,
Afore,,,,afor1239
Agufi,,,Solomon Islands,aguf1237
Akabard,,,Papua New Guinea,
Alas/Kluet,Indonesia,Indonesia,,bata1292
Alepa,,,Papua New Guinea,alep1237
Allang,Indonesia,Indonesia,,alla1249
Aloma,,,Papua New Guinea,
Amari,,,Papua New Guinea,
Amberbaken,Indonesia,,,mpur1239
Ambon Malay,Indonesia,Indonesia,,ambo1255
Ampana,Indonesia,Sulawesi,,ampa1240
Ampibabo,Indonesia,Sulawesi,,ampi1237
Amugen,,,Papua New Guinea,amug1239
Amung UHUNDUNI,Indonesia,,,dama1272
Anambas Island,Indonesia,,,
Angan Stock-Level Family,,,Papua New Guinea,anga1289
Anir,,,,
Apmisibil,,,Papua New Guinea,apmi1239
Apos,,,Papua New Guinea,apos1239
Aradnic Group,Australia,Australia,,aran1267
Arandic Group,Australia,Australia,,aran1267
Ari,,,Papua New Guinea,
Aria,,,Papua New Guinea,
Arop,,,Papua New Guinea,arop1244
Arrota,,,Papua New Guinea,
Asapa,,,Papua New Guinea,asap1239
Asera Wanua,Indonesia,Sulawesi,,aser1237
Asiaoro,,,,asia1264
Asimbali,,,Papua New Guinea,simb1259
Asmaun,Indonesia,,,
Atbalmin,,,Papua New Guinea,asba1238
Atih,Indonesia,,,
Aua,,,Papua New Guinea,ayiw1239
Auga,,,Papua New Guinea,
Augu,,,Papua New Guinea,augu1243
Aurei,,,,aure1239
Austronesian,Christmas I.; Indonesia,Australia,Carolin Islands; Marshall Islands; Papua New Guinea; Solomon Islands,aust1307
Auwaka,,,Papua New Guinea,auwa1241
Avaso,,,Solomon Islands,avas1237
Averi,,,Papua New Guinea,aver1239
Awara,,,Papua New Guinea,awar1248
Awyu-dumut Family,,,Papua New Guinea,awyu1263
B G NAMBAS,,,Vanuatu,bign1238
BABURIWA,Indonesia,,,obok1239
BABUYAN,Philippines,Philippines,,babu1242
BABUZA,Taiwan,Taiwan,,babu1240
BADA,Indonesia,Sulawesi,,bada1262
BAETORA,,,Vanuatu,baet1237
BAGOBO,Philippines,Philippines,,
BAGUPI,,,Papua New Guinea,bagu1252
BAHAM,Indonesia,,,baha1258
BAHAU,Indonesia,Borneo,,baha1257
BAHINEMO,,,Papua New Guinea,bahi1254
BAHNAR,Laos,Laos,,bahn1262
BAIMAK,,,Papua New Guinea,baim1245
BAINAPI,,,Papua New Guinea,dibi1240
BAINING,,,Papua New Guinea,bain1263
BAJO,East Timor; Indonesia,East Timor; Sulawesi,,
BAJO Ampana,Indonesia,Sulawesi,,
BAKI,,,Vanuatu,baki1244
BAKUNG K. Boh BAKUNG,,,,
BALAESAN,Indonesia,Sulawesi,,bala1314
BALANGAW,Philippines,Philippines,,bala1310
BALI MALAY,Indonesia,Indonesia,,bali1279
BALI-VITU,,,,bali1280
BALINESE/Standard,Indonesia,Indonesia,,bali1278
BAM,,,Papua New Guinea,
BAMU KIWAI,,,Papua New Guinea,bamu1257
BANARO,,,Papua New Guinea,bana1292
BANDJIGALI BANDJIGALI,Australia,Australia,,darl1243
BANDYIN,Australia,Australia,,warr1255
BANGGAI East Baggai,Indonesia,Sulawesi,,east2492
BANGGAI West Banggai,Indonesia,Sulawesi,,west2570
BANIATA,,,Solomon Islands,touo1238
BANONI,,,Papua New Guinea,bann1247
BANTIK,Indonesia,Sulawesi,,bant1286
BANTON_Dispohol,Philippines,Philippines,,
BARAI,,,Papua New Guinea,nucl1630
BARAM KY Uma Bawang,,,,
BARAU,Indonesia,,,bara1347
BARIAI,,,Papua New Guinea,bari1286
BARIJI,,,Papua New Guinea,bari1290
BARIM,,,Papua New Guinea,karn1252
BAROPAST,Indonesia,,,
BARROW POINT,Australia,Australia,,barr1247
BARUGA,,,Papua New Guinea,baru1269
BARUYA,,,Papua New Guinea,baru1267
BASAP Berau B.,Indonesia,Borneo,,bera1265
BASAP Jembayan,Indonesia,Borneo,,basa1286
BASAP Karangan,Indonesia,Borneo,,kara1491
BASAY,Taiwan,Taiwan,,basa1287
BASAY?_Linaw-Qauqaul,Taiwan,Taiwan,,lina1245
BASAY_Trobiawan,Taiwan,Taiwan,,trob1237
BATAK,Philippines,Philippines,,bata1301
BATANGAN,Philippines,Philippines,,bata1318
BATEK/Batek De,Malaysia,Malaysia,,bate1262
BATEK/Batek Hapen,Malaysia,Southern Malaysia,,
BATEK/Batek lga',Malaysia,Malaysia,,
BATEK/Mintil,Malaysia,Malaysia,,
BAU,,,Papua New Guinea,
BAUKAN p.,,,,bauk1238
BAURO,,,Solomon Islands,baur1252
BAUWAKI,,,Papua New Guinea,bauw1240
BAUZI,Indonesia,,,bauz1241
BAYALI,Australia,Australia,,baya1257
BAiBAI,,,Papua New Guinea,baib1251
BE,China,China,,
BEAMI Bedamini,,,Papua New Guinea,beam1240
BEAUFORT MUDUT Dialects / Bintaq,,,,beau1239
BEAUFORT MUDUT Dialects / Bukow,,,,buka1260
BELI,,,Papua New Guinea,beli1258
BEMAL,,,Papua New Guinea,kein1239
BENARENA,,,Papua New Guinea,
BEPOUR,,,Papua New Guinea,bepo1240
BERAWAN Dialects / Batu Baleh,,,,
BERAWAN Dialects / Long Jegan,,,,east2486
BERAWAN Dialects / Long Pata,,,,
BERAWAN Dialects / Long Terawan,,,,west2564
BERAWAN Dialects / W. Berawan,,,,west2564
BESISI,Malaysia,Southern Malaysia,,besi1244
BESISI/Betise',Malaysia,Southern Malaysia,,beti1247
BESISI/Sakai of Ulu Langat,Malaysia,Southern Malaysia,,ulul1240
BESISI/Sisi',Malaysia,Southern Malaysia,,sisi1247
BIAK,Indonesia,Indonesia,,biak1248
BIAKA,,,Papua New Guinea,
BIAN MARIND,Indonesia,,,bian1251
BIANGAI,,,Papua New Guinea,bian1252
BIATAH,Indonesia,Borneo,,biat1246
BIEREBO,,,Vanuatu,bier1244
BIERIA,,,Vanuatu,bier1246
BIKARU,,,Papua New Guinea,biso1243
BIKSI,Indonesia,,,
BILAKURA,,,Papua New Guinea,bila1257
BILBIL,,,Papua New Guinea,bilb1241
BILIAU,,,Papua New Guinea,bili1252
BILUA,,,Solomon Islands,bilu1245
BIMA,Indonesia,Indonesia,,bima1247
BIMA/Bima,Indonesia,Indonesia,,nucl1518
BIMIN,,,Papua New Guinea,bimi1240
BINA,,,Papua New Guinea,bina1271
BINAHARI Nemee,,,Papua New Guinea,bina1275
BINANDERE,,,Papua New Guinea,bina1277
BINTAUNA,Indonesia,Sulawesi,,bint1245
BINTULU,Indonesia,Borneo,,bint1246
BINUKID,Philippines,Philippines,,binu1244
BINUMARIEN,,,,binu1245
BIPIM,,,,wark1247
BIRAPO,,,Solomon Islands,bira1254
BIRBAY,Australia,Australia,,
BIRRIA,Australia,Australia,,pirr1240
BISIS,,,Papua New Guinea,bisi1244
BIT,Laos,Laos,,bitt1240
BIWAT,,,Papua New Guinea,biwa1243
BIYOM,,,Papua New Guinea,biyo1244
BLAAN,Philippines,Philippines,,blaa1241
BLABLANGA,,,Solomon Islands,blab1237
BLAGAR,Indonesia,,,blag1240
BO,Laos,Laos,Papua New Guinea,
BOANO,,,,boan1242
BOAZI Kuini,,,Papua New Guinea,kuni1265
BOBOT,Indonesia,Indonesia,,bobo1254
BOHUTU,,,Papua New Guinea,buhu1237
BOIANAKI(GALAVI),,,Papua New Guinea,ghay1237
BOIKEN,,,Papua New Guinea,
BOIKEN Coastal A,,,Papua New Guinea,
BOIKEN Coastal B,,,Papua New Guinea,
BOIKEN Island,,,,
BOKANAKI(GALAVI),,,Papua New Guinea,ghay1237
BOLA,,,Papua New Guinea,bola1250
BOLA'ANG - MONGONDOW,Indonesia,Sulawesi,,mong1342
BOLANGO,Indonesia,Sulawesi,,bola1252
BOLANO,Indonesia,Sulawesi,,boan1243
BOLINAO,Philippines,Philippines,,boli1256
BOM,,,Papua New Guinea,
BONERIF,Indonesia,,,bone1255
BONGO,Indonesia,,,bong1287
BONGU,,,Papua New Guinea,bong1291
BONKIMAN,,,Papua New Guinea,bonk1244
BONTOK,Philippines,Philippines,,bont1247
BORAI,Indonesia,,,hata1243
BOSILEWA,,,Papua New Guinea,bose1237
BOSMAN,,,Papua New Guinea,bosn1248
BOTOLAN,Philippines,Philippines,,boto1242
BOUYE,,,Papua New Guinea,bouy1241
BRAGAT,,,Papua New Guinea,brag1240
BRAO,Laos,Laos,,lave1249
BRAT,Indonesia,,,maib1239
BRAT Yak,Indonesia,,,
BRERI,,,Papua New Guinea,brer1240
BRU,Laos,Laos,,
BUGIS,Indonesia,Sulawesi,,bugi1245
BUGIS Campaiagian,Indonesia,Sulawesi,,camp1262
BUGIS Luwu,Indonesia,Sulawesi,,luwu1237
BUGIS Luwu Wajo Palakka,Indonesia,Sulawesi,,wajo1237
"BUGIS, KAILI Palu, MANDAR",Indonesia,Sulawesi,,
BUGOTO,,,Solomon Islands,bugh1239
BUGOTU,,,Solomon Islands,bugh1239
BUHID,Philippines,Philippines,,buhi1245
BUIN,,,Papua New Guinea,buin1248
BUKAR SADONG,Indonesia,Borneo,,buka1259
BUKAT,,,,buka1261
BUKAWAC,,,Papua New Guinea,buga1250
BUKITAN P. Batu,Indonesia,Borneo,,
BUKITAN P. Busang,,,,puna1269
BUKITAN Ukit,Indonesia,Borneo,,ukit1237
BUKITAN p.,,,,
BULGEBI,,,Papua New Guinea,bulg1265
BULI,Indonesia,Indonesia,,buli1255
BUN,,,Papua New Guinea,
BUNABA,Australia,Australia,,buna1275
BUNABUN,,,Papua New Guinea,brem1238
BUNAK,East Timor,East Timor,,buna1278
BUNAMA,,,Papua New Guinea,buna1276
BUNGAIN,,,Papua New Guinea,bung1270
BUNGANDIDJ,Australia,Australia,,warr1256
BUNGKU,Indonesia,Sulawesi,,bung1269
BUNGKU Rumbia,Indonesia,Sulawesi,,
BUNUN_Central,Taiwan,Taiwan,,cent2105
BUNUN_Northern,Taiwan,Taiwan,,nort2902
BUNUN_Southern,Taiwan,Taiwan,,
BUNUN_Takopulan,Taiwan,Taiwan,,
BUOL,Indonesia,Sulawesi,,buol1237
BURMBAR,,,Vanuatu,burm1263
BURMESE,Burma,,,nucl1310
BURUM,,,Papua New Guinea,buru1306
BURUSU,,,,buru1304
BUSA,,,Papua New Guinea,odia1239
BUSANG Mahakam Busang,Indonesia,Borneo,,maha1298
BUTAM,,,Papua New Guinea,buta1242
BUTMAS TUR,,,,butm1237
BUTON,Indonesia,Sulawesi,,buto1237
BUTUANON,Philippines,Philippines,,butu1244
BWAIDOKA,,,Papua New Guinea,bwai1242
Ba. P. BAH - BIAU,,,,
Baagandji Group,Australia,Australia,,darl1243
Babaga,,,Papua New Guinea,baba1270
Babagarupu,,,Papua New Guinea,baba1269
Babatana,,,Solomon Islands,baba1268
Bacbn Malay,Indonesia,Indonesia,,
Badjala,Australia,Australia,,baty1234
Baeguu,,,Solomon Islands,baeg1237
Baelelea,,,Solomon Islands,bael1237
Bah Malei,,,,bahm1237
Baiawa,,,,
Baibara,,,Papua New Guinea,baib1249
Baine,Indonesia,,,
Bakumpai Malay,Indonesia,Borneo,,baku1263
Balamula,,,Papua New Guinea,
Balanipa,Indonesia,Sulawesi,,bala1313
Balau sd.,Indonesia,Borneo,,iban1264
Balawaia,,,Papua New Guinea,bala1307
Balikpapan sd.,Indonesia,Borneo,,
Balingian,Indonesia,Borneo,,bali1282
Bamota KATE,,,Papua New Guinea,kate1253
Bandjalangic Group,Australia,Australia,,band1339
Banjar Hulu sd.,Indonesia,Borneo,,hulu1245
Banjar M.,Indonesia,Borneo,,banj1239
Banjar Malay,Indonesia,Borneo,,banj1239
Bantaeng,Indonesia,Sulawesi,,bant1292
Banten,Indonesia,Indonesia,,bant1285
Bao,,,Papua New Guinea,
Bapai,Indonesia,,,bapa1239
Barai,,,Papua New Guinea,nucl1630
Barok,,,Papua New Guinea,baro1253
Batek Nong,Malaysia,Malaysia; Southern Malaysia,,bate1263
Batek Teq,Malaysia,Malaysia,,bate1266
Bazaar Malay,Indonesia,,,saba1263
Beach Pamona,Indonesia,Sulawesi,,pamo1252
Begua,,,Papua New Guinea,bagw1238
Beiayan,,,,
Bellona,,,,renn1242
Benefa ?,,,,
Bentian,Indonesia,Borneo,,bant1290
Benua,,,,benu1246
Berema,,,Papua New Guinea,
Berk,Indonesia,,,
Besoa,Indonesia,Sulawesi,,beso1237
Bew,Indonesia,,,
Bi. P. BAH - BIAU,,,,
Bibo,,,Papua New Guinea,goba1246
Bicoli,,,,maba1278
Bidayuh,Indonesia,Borneo,,bida1240
Bileki,,,Papua New Guinea,bile1245
Bime,Indonesia,,,bime1239
Binanderean Family,,,Papua New Guinea,bina1279
Binatang BASAP,Indonesia,Borneo,,basa1286
Bintuni,Indonesia,,,bint1244
Boeng,Indonesia,Indonesia,,boan1244
Bok P.,,,,
Bokondini,Indonesia,,,west2596
Boku,,,Papua New Guinea,boku1237
Bolang Itang,Indonesia,Sulawesi,,bola1251
Bonahol,,,Papua New Guinea,
Bonarua,,,Papua New Guinea,bona1252
Border,,,Papua New Guinea,bord1247
Borebo,,,Papua New Guinea,bore1246
Borgos,,,Papua New Guinea,
Boro,,,Papua New Guinea,boro1278
Botteng-Tappalang,Indonesia,Sulawesi,,ulum1237
Braiakaulung,Australia,Australia,,
Brat,Indonesia,,,
Bruit,Indonesia,Borneo,,brui1237
Brunei Malay,,,,brun1243
Buaga,,,Papua New Guinea,buag1237
Bukar Sadong p.,Indonesia,Borneo,,
Bulalakao,Philippines,Philippines,,bula1256
Buniabura,,,Papua New Guinea,buni1247
Bunwurung,Australia,Australia,,boon1243
Burarran Family,Australia,Australia,,
Burui,,,Papua New Guinea,buru1309
Bush Mekeo,,,Papua New Guinea,meke1243
Busilmin,,,Papua New Guinea,
Buton,Indonesia,Indonesia,,buto1237
Bwato,,,,bwat1240
CAAC,,,New Caledonia,caac1237
CAOLAN,Kampuchea; Vietnam,Kampuchea; Vietnam,,caol1238
CASIGURAN DUMAGAT,Philippines,Philippines,,casi1235
CEBUANO,Philippines,Philippines,,cebu1242
CEMUHI,,,New Caledonia,cemu1238
CENTRAL ASMAT,Indonesia,,,cent2117
CHAM,China; Kampuchea; Laos,China; Kampuchea; Laos,,
CHAMBRI,,,Papua New Guinea,cham1313
CHAMORRO,,,Guam; Northern Mariana Islands,cham1312
CHANGRIWA,,,Papua New Guinea,chan1319
CHAVACANO,Philippines,Philippines,,chav1241
CHE' WONG,Malaysia,Malaysia,,chew1245
CHE' WONG/E,Malaysia,Malaysia,,chew1245
CHE' WONG/W,Malaysia,Malaysia,,chew1245
CHENAPIAN,,,Papua New Guinea,chen1259
CHINESE,China; Laos; Taiwan,China; Laos; Taiwan,,midd1354
CHONG,Laos,Laos,,
CHRU,Laos,Laos,,chru1239
CHUAVR Elimbari,,,Papua New Guinea,elim1239
CITAK ASMAT,Indonesia,,,cita1246
CNETRAL MAEWO,,,Vanuatu,cent2058
COTABATO MANOBO,Philippines,Philippines,,cota1241
CUA,Laos,Laos,,cuaa1241
CUHU-SAMANE,,,Papua New Guinea,guhu1244
Central,,,Papua New Guinea,
Central AIRO-SUMAGHAGHE,Indonesia,,,
Central ALUNE,Indonesia,Indonesia,,alun1238
Central BOIKEN A,,,Papua New Guinea,
Central BOIKEN B,,,Papua New Guinea,
Central FORE,,,Papua New Guinea,nort2922
Central Family,,,Papua New Guinea,
Central IRIA,Indonesia,,,
Central KANUM,Indonesia,,,kanu1280
Central KOMBA,,,Papua New Guinea,komb1273
Central KOMBIO,,,Papua New Guinea,komb1272
Central KUNIMAIPA,,,Papua New Guinea,kuni1267
Central Kamora,Indonesia,,,asma1256
Central MOUNTAIN KOIARI,,,Papua New Guinea,moun1252
Central RUAT,,,Papua New Guinea,
Central TAIBORA,,,Papua New Guinea,
Central TANAHMERAH,Indonesia,,,tana1288
Central TATMUL,,,Papua New Guinea,
Central TIGAK,,,Papua New Guinea,cent2064
Central TIMBE,,,Papua New Guinea,cent2113
Chimbian,,,Papua New Guinea,
Chirima,,,Papua New Guinea,
Chuave,,,Papua New Guinea,chua1250
Coastal Kadazan Southern sd.,,,,coas1294
Coaster Kiwai,,,Papua New Guinea,sout2949
DABRA,Indonesia,,,
DAGA,,,Papua New Guinea,daga1275
DAHATING,,,Papua New Guinea,gwap1238
DAI,Indonesia,Indonesia,,
DAKAKA,,,Vanuatu,daka1243
DAMAR/N DAMAR,East Timor,East Timor,,west2548
DAMAR/S DAMAR,East Timor,East Timor,,east2472
DAMPELASA,Indonesia,Sulawesi,,damp1237
DANARU,,,Papua New Guinea,dana1254
DANGAL,,,Papua New Guinea,dang1263
DARAMBAL,Australia,Australia,,dhar1248
DAVAWENO1,Philippines,Philippines,,dava1245
DAWAWA,,,Papua New Guinea,dawa1242
DEAR,,,Papua New Guinea,
DEGENAN,,,Papua New Guinea,dege1247
DEHU,,,New Caledonia,dehu1237
DEM,,,,
DEMTA,Indonesia,,,demt1241
DHANGGAGARLI,Australia,Australia,,
DHARAWAL,Australia,Australia,,thur1254
DHUDUROA,Australia,Australia,,dhud1236
DHURGA,Australia,Australia,,dhur1239
DIBABAWON,Philippines,Philippines,,diba1242
DIMIR,,,Papua New Guinea,maru1253
DIODIO,,,Papua New Guinea,diod1237
DIRARI,Australia,Australia,,dier1241
DIXON REFE,,,Vanuatu,dixo1238
DIYARI,Australia,Australia,,
DJANGUN / MULURIDYI,Australia,Australia,,mulu1243 djan1238
DJAWI,Australia,Australia,,djaw1238
DJINGILI,Australia,Australia,,djin1251
DOBU,,,Papua New Guinea,dobu1241
DOGA,,,Papua New Guinea,doga1238
DOGORO,,,Papua New Guinea,dogh1241
DOHOI,Indonesia,Borneo,,doho1239
DOI,Laos,Laos,,
DOMUNG,,,Papua New Guinea,domu1246
DONDO,Indonesia,Sulawesi,,dond1249
DORIO,,,Solomon Islands,dori1246
DORIRT,,,Papua New Guinea,
DORRO,,,Papua New Guinea,namo1246
DUAN,Laos,Laos,,
DUAU,,,Papua New Guinea,duau1237
DUBEA,,,New Caledonia,dumb1241
DUBU,Indonesia,,,dubu1240
DUDUELA,,,Papua New Guinea,dudu1240
DUMPAS,,,,dump1242
DUMPU,,,Papua New Guinea,dump1243
DUMUN,,,Papua New Guinea,dumu1246
DUNA,,,Papua New Guinea,duna1248
DURANMIN,,,Papua New Guinea,
DUSNER,Indonesia,,,dusn1237
DUSUN DEYAH,Indonesia,Borneo,,
DYANGADI,Australia,Australia,,dyan1250
DYIRBAL,Australia,Australia,,dyir1250
DYIRRINGANY,Australia,Australia,,
DYUGUN,Australia,Australia,,dyug1238
Dagan Family,,,Papua New Guinea,daga1274
Dagenava,,,Papua New Guinea,dage1244
Dahuni,,,Papua New Guinea,dahu1238
Dalat,Indonesia,Borneo,,dala1239
Dalit sd. PALUAN p.,,,,dali1243
Daly Family,Australia,Australia,,
Damal,Indonesia,,,dama1272
Danu,,,Papua New Guinea,
Daranto,Indonesia,,,
Daravo,,,Papua New Guinea,
Daru Kiwai,,,Papua New Guinea,daru1245
Daui,,,Papua New Guinea,daui1237
Daupka,,,Papua New Guinea,daup1249
Delena,,,Papua New Guinea,
Deli,Indonesia,Indonesia,,
Dennatu,,,Papua New Guinea,
Derebai,,,Papua New Guinea,dere1243
Diauwereke,,,Papua New Guinea,
Didigaru,,,Papua New Guinea,didi1260
Dilava,,,Papua New Guinea,
Dili Tetun,East Timor,East Timor,,tetu1246
Diomoni,,,Papua New Guinea,
Djeebbanan Family-Level Isolate,Australia,Australia,,
Djingili-Wambayan Family,Australia,Australia,,mirn1241
Dobudurn,,,,
Dodinga,Indonesia,Indonesia,,dodi1239
Dolago,Indonesia,Sulawesi,,
Dom,,,Papua New Guinea,
Doma,,,Papua New Guinea,
Domara,,,Papua New Guinea,doma1262
Domu,,,Papua New Guinea,domu1245
Doromu,,,Papua New Guinea,doro1266
Duka-Ekor,,,Papua New Guinea,duka1248
Dumaring,,,,duma1254
Duri,Indonesia,Sulawesi,,duri1242
Dusun Balangan,Indonesia,Borneo,,dusu1270
Dusun Segama,,,,dusu1276
Dusunic Subgroup,,,,dusu1277
E & W MAKIAN,Indonesia,Indonesia,,
E-Coast,Indonesia,,,
E.& W.MAKIAN,Indonesia,Indonesia,,
E.Coastal Kiwai,,,,east2521
E.Kewa,,,Papua New Guinea,east2516
E.lpili,,,Papua New Guinea,ipil1240
EAHU,Thailand,Thailand,,
EAST CAGAYAN NEGRITO,Philippines,Philippines,,
EAST FUTUNA,,,Wallis and Futuna,east2447
EAST LOU,,,Papua New Guinea,
EAST NEK,,,Papua New Guinea,
EAST SHOISEUL,,,Solomon Islands,
EAST URII,,,Papua New Guinea,urii1240
EAST UVEA,,,Wallis and Futuna,wall1257
EASTER ISLAND,,,,rapa1244
EASTERN ARANDA,Australia,Australia,,east2379
EASTERN FIJIAN,,,Fiji,nucl1823
EASTERN KADAZAN,,,,
EDERAH R?,Indonesia,,,eder1237
EIVO,,,Papua New Guinea,asko1238
EKAGI Yabi,Indonesia,,,yabi1243
ELEPI,,,Papua New Guinea,elep1240
ELKEI,,,Papua New Guinea,elke1240
EMAE,,,,emae1237
EMERUM,,,Papua New Guinea,apal1256
EMUMU,Indonesia,,,emum1240
ENDE-LIO/Ende(Ja'o),East Timor,East Timor,,ende1246
ENDE-LIO/Lio(Aku),East Timor,East Timor,,lioo1240
ENDE-LIO/Nage-Keo,East Timor,East Timor,,nage1238
ENDE-LIO/Nga'o,East Timor,East Timor,,ngao1245
ENGA Iniai,,,Papua New Guinea,nete1240
ENGA Layapo,,,Papua New Guinea,laya1255
ENGA Sau,,,Papua New Guinea,sauu1244
ENGA Tayato,,,Papua New Guinea,taya1255
ENGGANO,Indonesia,Indonesia,,engg1245
ERCKWANAS,Indonesia,,,
ERCKWANAS  Iha,Indonesia,,,ihaa1241
EREM,,,Papua New Guinea,
ERIMA,,,Papua New Guinea,ogea1238
East Awin,,,Papua New Guinea,east2522
East Coast Bajau,Indonesia; Laos,Borneo; Laos,,
East GIMI,,,Papua New Guinea,east2515
East KOIARI,,,Papua New Guinea,
East KOMBA,,,Papua New Guinea,komb1273
East Makian,,,,east2440
East Mekeo,,,,east2455
East SENTANI,Indonesia,,,east2518
East YAMBS,,,Papua New Guinea,
Eastern,,,Papua New Guinea,
Eastern BINE,,,Papua New Guinea,
Eastern BITARA,,,Papua New Guinea,bita1253
Eastern GIZRA,,,,gizr1240
Eastern GWEDENA,,,Papua New Guinea,east2523
Eastern IRAHUTU,Indonesia,,,irar1238
Eastern IRIA,Indonesia,,,
Eastern KARA,,,Papua New Guinea,kara1486
Eastern RORO,,,Papua New Guinea,
Eastern SABERI (ISIRAWA),Indonesia,,,east1857
Eastern SAWOS,,,Papua New Guinea,buru1309
Eastern TANAHMERAH,Indonesia,,,tana1288
Eastern Trans-Fly Family,,,Papua New Guinea,east2503
Eia,,,Papua New Guinea,
Eipo,Indonesia,,,eipo1242
Elpaputi Bay,Indonesia,Indonesia,,
Embessa,,,,
Emo R,,,Papua New Guinea,
Enggipiloe,Indonesia,,,engg1246
Enindhilyagwan Family-Level Isolate,Australia,Australia,,
Enna,Indonesia,Sulawesi,,
Enrekang,Indonesia,Sulawesi,,enre1239
Epe - Routa,Indonesia,Sulawesi,,rout1237
Erave Dadibi,,,Papua New Guinea,erav1243
Erawirung,Australia,Australia,,
Etoro,,,Papua New Guinea,edol1239
FAGA UVEA,,,New Caledonia,west2516
FAGANI,,,Solomon Islands,faga1239
FAGULULU,,,Papua New Guinea,moli1248
FALAMUL,Indonesia,Indonesia,,
FALWOL,,,Papua New Guinea,faiw1243
FAS,,,Papua New Guinea,east2524
FASU,,,Papua New Guinea,fasu1242
FATALUKU,East Timor,East Timor,,fata1247
FIJI,,,,fiji1243
FINUNGWA,,,Papua New Guinea,fino1238
FITLEP,,,Papua New Guinea,
FIWAGA,,,Papua New Guinea,fiwa1240
FOAU,,,,foau1240
FOE,,,Papua New Guinea,foii1241
FORAK,,,Papua New Guinea,fora1245
FORTSENAL,,,,fort1240
FUTUNA-AMOWA,,,,futu1245
FUYUGE Vanapa,,,Papua New Guinea,fuyu1242
FWAI,,,New Caledonia,fwai1237
Fataleka,,,Solomon Islands,fata1245
Fauro,,,,faur1237
Fayok,Indonesia,,,
Feramin,,,Papua New Guinea,fera1239
Fkhar,Indonesia,,,fkar1237
GA-DANG,Philippines,Philippines,,
GABADI,,,Papua New Guinea,abad1241
GABIANO,,,Papua New Guinea,gabi1241
GABUTAMUN,,,Papua New Guinea,
GADANG Gadang,Australia,Australia,,wori1245
GADDANG,Philippines,Philippines,,gadd1244
GADSUP,,,Papua New Guinea,gads1258
GAHUKU,,,Papua New Guinea,gahu1246
GAINA,,,Papua New Guinea,gain1243
GAL,,,Papua New Guinea,
GALELA,Indonesia,Indonesia,,gale1259
GALEYA,,,Papua New Guinea,gale1257
GALGADUNGIC,Australia,Australia,,galg1238
GALIBAMU,Australia,Australia,,guga1239
GALOLI/Baba,East Timor,East Timor,,baba1272
GALOLI/Dadua,East Timor,East Timor,,
GALOLI/Edi,East Timor,East Timor,,edii1237
GALOLI/Galoli,East Timor,East Timor,,nucl1541
GALOLI/Hehak,East Timor,East Timor,,haha1243
GALOLI/Na Nahek,East Timor,East Timor,,nana1259
GALU,,,Papua New Guinea,sina1269
GAMEI,,,Papua New Guinea,bore1247
GANA,,,,gana1277
GANGLAU,,,Papua New Guinea,gang1270
GANJA,,,Papua New Guinea,nara1264
GANTS,,,Papua New Guinea,gant1244
GAO,,,Solomon Islands,gaoo1237
GAPAPAIWA,,,Papua New Guinea,gapa1238
GAPUN,,,Papua New Guinea,taia1239
GARADYARI,Australia,Australia,,kara1476
GARAWA,Australia,Australia,,gara1269
GARO,,,,ngga1239
GARUH,,,Papua New Guinea,nobo1238
GARUS,,,Papua New Guinea,garu1246
GARUWAHI,,,Papua New Guinea,gwed1239
GAYABARA,Australia,Australia,,waka1274
GAYARDILT,Australia,Australia,,kaya1319
GAYIYAMAR / MARA,Australia,Australia,,
GAYO,Indonesia,Indonesia,,gayo1244
GEBE,Indonesia,Indonesia,,gebe1237
GEDAGED,,,Papua New Guinea,geda1237
GELA,,,Solomon Islands,gela1263
GENDE,,,Papua New Guinea,gend1249
GESER-GORAM,Indonesia,Indonesia,,gese1240
GHANONGGA,,,Solomon Islands,ghan1242
GIAY,Vietnam,Vietnam,,giay1234
GINUMAN,,,Papua New Guinea,ginu1240
GIRA,,,Papua New Guinea,madi1261
GIRAWA,,,Papua New Guinea,gira1247
GIRI,,,Papua New Guinea,
GITUA,,,Papua New Guinea,gitu1237
GNAU,,,Papua New Guinea,gnau1240
GOGODALA,,,,gogo1265
GOLIATH,Indonesia,,,unaa1239
GORONTALO,Indonesia,Sulawesi,,goro1259
GOROVU,,,Papua New Guinea,goro1261
GOWAR,Australia,Australia,,
"GRAND VALLEY DANY, lower of Valley",Indonesia,,,lowe1415
GUGU YALANDYI,Australia,Australia,,yala1261
GUHU-SAMANE,,,Papua New Guinea,guhu1244
GUIARAK,,,Papua New Guinea,guya1251
GUMALU,,,Papua New Guinea,guma1255
GUMASI,,,,arua1260
GUNDUNGURA,Australia,Australia,,
GUNIYAN,Australia,Australia,,goon1238
GURINGGAI,Australia,Australia,,
GURNU,Australia,Australia,,
GUSAN,,,Papua New Guinea,gusa1246
GUUGU YIMIDHIRR,Australia,Australia,,gugu1255
GUWA,Australia,Australia,,guwa1242
GUWENG,Australia,Australia,,
GUWOT,,,Papua New Guinea,
GUYANI,Australia,Australia,,guya1249
Gadjerawang Miriwung,Australia,Australia,,miri1274
Gae,,,Solomon Islands,
Gagudjuan Family-Level Isolate,Australia,Australia,,
Gamkonor,Indonesia,Indonesia,,gamk1238
Ganti,Indonesia,Sulawesi,,
Gari,,,Solomon Islands,
Garia,,,Papua New Guinea,
Gazili,,,Papua New Guinea,gaji1238
Geagea,,,Papua New Guinea,geag1239
Gebi,,,Papua New Guinea,gebi1241
Geri,,,Solomon Islands,geri1237
Getmata,,,Papua New Guinea,
Gewigi,,,Papua New Guinea,
Ghone VARISI,,,Solomon Islands,ghon1237
Gibaio,,,Papua New Guinea,giba1246
Gimi,,,Papua New Guinea,gimi1243
Golin,,,Papua New Guinea,goli1247
Gomoara,,,Papua New Guinea,
Gona,,,Papua New Guinea,
Gonsomon,,,,gons1237
Gope,,,Papua New Guinea,kope1239
Gora,,,Papua New Guinea,gora1264
Gorge,Indonesia,,,
Gotomi,,,Papua New Guinea,koto1252
Gresi,Indonesia,,,gres1240
Guamer,Indonesia,,,
Gugumu,,,,
Guiam Yuta,,,Papua New Guinea,wipi1242
Guluwarin Kitja,Australia,Australia,,kitj1240
Gumbaynggiric Group,Australia,Australia,,gumb1242
Gungaraganyan Family-Level Isolate,Australia,Australia,,
Gunwinyguan Family,Australia,Australia,,gunw1250
Gurfuf,,,Papua New Guinea,
HABU,East Timor,East Timor,,habu1241
HADUKU,Indonesia,Indonesia,,haru1244
HAHON,,,Papua New Guinea,haho1237
HALIA,,,Papua New Guinea,hali1244
HAM,,,Papua New Guinea,
HAMTAI(KAPAU),,,Papua New Guinea,hamt1247
HANUNOO,Philippines,Philippines,,hanu1241
HAROI,Laos,Laos,,haro1237
HATTAM,Indonesia,,,hata1243
HAWAIIAN,,,,hawa1245
HEWA,,,Papua New Guinea,hewa1241
HEYO,,,Papua New Guinea,heyo1240
HILIGAYNON,Philippines,Philippines,,hili1240
HILIGAYNON(ILONGGO),Philippines,Philippines,,hili1240
HINIHON,,,Papua New Guinea,hini1234
HITU,Indonesia,Indonesia,,hitu1239
HIW,,,,hiww1237
HOANYA,Taiwan,Taiwan,,hoan1238
HOAVA,,,Solomon Islands,hoav1238
HOTE,,,Papua New Guinea,hote1245
HOVONGAN,,,,hovo1239
HOVONGAN Semukung - Uheng,,,,semu1241
HRE,Laos,Laos,,hree1244
HULI,,,Papua New Guinea,huli1244
HUMENE,,,,hume1246
HUNG/PONG2,Laos,Laos,,
HUNJARA,,,Papua New Guinea,hunj1241
Hae,,,Papua New Guinea,
Hakia,,,Papua New Guinea,
Haleworuru,Indonesia,Indonesia,,
Hamil,,,Papua New Guinea,nort2926
Hat,Vietnam,Vietnam,,
Haununu,,,Solomon Islands,haun1237
Haura,,,Papua New Guinea,keor1235
Haveke,,,New Caledonia,have1241
Heake,,,New Caledonia,
Hegenagi,Indonesia,,,
Heleworuru,Indonesia,Indonesia,,
Hiowe,,,Papua New Guinea,hiyo1238
Hira,,,Papua New Guinea,hira1246
Hmwaveke,,,New Caledonia,hmwa1243
Honibu,,,Papua New Guinea,honi1245
Hua,,,Papua New Guinea,
Hula,,,Papua New Guinea,hula1239
Humene,,,Papua New Guinea,hume1246
IAAI,,,New Caledonia,iaai1238
IBANAG,Philippines,Philippines,,iban1267
IDATE,East Timor,East Timor,,idat1237
IDI,,,Papua New Guinea,nucl1597
IDNE?,,,Papua New Guinea,male1289
IDUNA,,,Papua New Guinea,idun1242
IFUGAO,Philippines,Philippines,,ifug1247
IGANA,,,Papua New Guinea,igan1243
IGOM,,,Papua New Guinea,kang1291
IGORA(KAKABAI),,,Papua New Guinea,kaka1267
IHA Kapaur,Indonesia,,,ihaa1241
IIaga,Indonesia,,,ilag1236
IKOBI,,,Papua New Guinea,ikob1240
ILANUN,Philippines,Philippines,,iran1262
ILIANEN MANOBO,Philippines,Philippines,,ilia1236
ILOKANO,Philippines,Philippines,,ilok1237
ILONGOT,Philippines,Philippines,,ilon1239
INANWATAN,Indonesia,,,inan1242
INIBALOI,Philippines,Philippines,,ibal1244
IPIKO,,,Papua New Guinea,ipik1244
IRAYA,Philippines,Philippines,,iray1237
IRESIM,Indonesia,,,ires1239
IRUMU,,,Papua New Guinea,tuma1250
ISABI,,,Papua New Guinea,isab1240
ISAN,,,Papua New Guinea,isan1244
ISEBE,,,Papua New Guinea,iseb1246
ISINAI,Philippines,Philippines,,isin1239
ISNAG,Philippines,Philippines,,isna1241
ITAWIS,Philippines,Philippines,,itaw1240
ITIK,Indonesia,,,itik1240
ITNEG,Philippines,Philippines,,itne1252
ITUTANG,,,Papua New Guinea,inap1241
IWAM Downriver,,,Papua New Guinea,sepi1255
IWAM Upriver,,IWAM Upriver,Papua New Guinea,iwam1256
IYORA,Australia,Australia,,sydn1236
Iban,,,,iban1264
Iban Section-Level Isolate,Indonesia,Borneo,,iban1264
Imila,,,Papua New Guinea,imil1243
Imonda,,,Papua New Guinea,imon1245
Imyan,Indonesia,,,imya1235
Islan,,,Papua New Guinea,
Island Kiwa,,,,
Island Kiwai,,,,isla1274
J,Indonesia,Indonesia,,
JAGOI,Indonesia,Borneo,,
JAGOI Dialects/Assem,Indonesia,Borneo,,asse1237
JAGOI Dialects/Dongay,Indonesia,Borneo,,dong1297
JAGOI Dialects/Empawa,Indonesia,Borneo,,empa1241
JAGOI Dialects/Suti,Indonesia,Borneo,,suti1238
JAGOI Dialects/Tengoh,,,,teng1270
JAGOI Dialects/Tringus,Indonesia,Borneo,,
JAH HET,Malaysia,Southern Malaysia,,jahh1242
JAKARTA MALAY,Indonesia,,,
JARAI,Laos,Laos,,jara1266
JARI,,,Papua New Guinea,jari1243
JAVA,Indonesia,Indonesia,,
JAVANESE,Indonesia,Indonesia,,java1254
JAVANESE/Central Western,Indonesia,Indonesia,,
JAVANESE/Cirebon,Indonesia,Indonesia,,cire1240
JAVANESE/Eastern,Indonesia,Indonesia,,
JAVANESE/Manuk,Indonesia,Indonesia,,
JAVANESE/North-Western,Indonesia,Indonesia,,
JAWE,,,New Caledonia,jawe1237
JEH,Laos,Laos,,jehh1245
JEHAI/Batek Teh,Malaysia,Malaysia,,bate1267
JEHAI/Jehai,Malaysia,North-Western Malaysia,,nucl1294
JEHAI/Menriq,Malaysia,North-Western Malaysia,,minr1238
JILIM,,,Papua New Guinea,jili1241
JINGHPAW,Burma,,,kach1280
Jelalong P.,,,,jela1245
Jimuhi,,,,
Jramot,,,Papua New Guinea,
K,,,Solomon Islands,
KABOLA,East Timor,East Timor,,kabo1247
KADAZAN DUSAN / Central Kadazan Dusan,,,,cent2100
KAETI,,,Papua New Guinea,mand1473
KAFOA,East Timor,East Timor,,kafo1240
KAHUA,,,Solomon Islands,kahu1241
KAIAN,,,Papua New Guinea,kaia1245
KAIBOBO,Indonesia,Indonesia,,kaib1244
KAIEP Terebu,,,Papua New Guinea,kaie1238
KAILA,Indonesia,Sulawesi,,
KAILI Banawa,Indonesia,Sulawesi,,unde1235
KAILI Palu,Indonesia,Sulawesi,,ledo1238
"KAILI Palu, MANDAR",Indonesia,Sulawesi,,
KAIRI,,,Papua New Guinea,
KAIRIRU,,,Papua New Guinea; apua New Guinea,kair1263
KAIRUI-MIDIKI/Kairui,East Timor,East Timor,,kair1266
KAIRUI-MIDIKI/Midiki,Indonesia,,,midi1237
KAIWA,,,Papua New Guinea,iwal1237
KAJAMAN Sekapen,,,,seka1248
KALA LAGAW YA,Australia,Australia,,kala1377
KALABAKAN,,,,kala1391
KALABRA,Indonesia,,,kala1256
KALAGAN,Philippines,Philippines,,kala1388
KALAM,,,Papua New Guinea,kala1397
KALAMIANON,Philippines,Philippines,,cala1258
KALIBUGAN,Philippines,Philippines,,koli1253
KALINGA,Philippines,Philippines,,kali1311
KALLAHAN,Philippines,Philippines,,kele1259
KALORALO,,,Papua New Guinea,
KALULI,,,Papua New Guinea,kalu1248
KAMANO,,,Papua New Guinea,kama1370
KAMARIAN,Indonesia,Indonesia,,kama1362
KAMASA,,,Papua New Guinea,kama1360
KAMAYO,Philippines,Philippines,,kama1363
KAMBA,,,Papua New Guinea,wagi1249
KAMBOT Others,,,Papua New Guinea,apma1241
KAMPONG BARU,Indonesia,,,
KAMULA,,,Papua New Guinea,kamu1260
KANDAS,,,Papua New Guinea,kand1301
KANKANAEY_North,Philippines,Philippines,,nort2877
KANKANAEY_South,Philippines,Philippines,,kank1243
KANOWIT,Indonesia,Borneo,,kano1244
KAPAMPANGAN,Philippines,Philippines,,
KAPINGAMARANGI,,,,kapi1249
KAPORE,,,Papua New Guinea,bebe1252
KAPORP,,,,kapo1250
KAPRIMAN,,,Papua New Guinea,kapr1245
KAPUAS (NGAJU),Indonesia,Borneo,,ngaj1237
KARAMI,,,Papua New Guinea,kara1497
KARAW,Philippines,Philippines,,
KARAWA,,,Papua New Guinea,kara1495
KARAWARI,,,Papua New Guinea,kara1494
KARE,,,Papua New Guinea,kare1341
KAREN,Burma; Laos; Thailand,Laos; Thailand,,
KARIN,,,Papua New Guinea,
KARIVARRA,Australia,Australia,,kari1304
KARO,Indonesia,Indonesia,,bata1294
KARO/Batak-Pakpak,Indonesia,Indonesia,,bata1294
KARO/Dairi,Indonesia,Indonesia,,bata1294
KARO/Singkil,Indonesia,Indonesia,,sing1240
KARON DORI,Indonesia,,,karo1303
KARON PANTAI,Indonesia,,,
KASENG,Laos,Laos,,
KASIGURANIN,Philippines,Philippines,,kasi1256
KASIMBAR,Indonesia,Sulawesi,,taji1246
KASUA,,,Papua New Guinea,kasu1251
KATANG,,,,
KATBOL,,,Vanuatu,katb1237
KATIATI,,,Papua New Guinea,mumm1238
KATINJA,,,Papua New Guinea,anga1292
KATU,Laos,Laos,,katu1272
KATUA,Laos,Laos,,katu1273
KAUNGA,,,,yelo1243
KAURE,Indonesia,,,kaur1271
KAURNA,Australia,Australia,,kaur1267
KAUWOL,,,,faiw1243
KAVALAN,Taiwan,Taiwan,,kava1241
KAWATSA,,,Papua New Guinea,kawa1276
KAWE,Indonesia,Indonesia,,kawe1240
KAYAKA,,,Papua New Guinea,kyak1244
KAYAN MAHAKAM,Indonesia,Borneo,,kaya1324
KAYAN R KENYAH,,,,
KAYAN R. K. L. Naean,,,,kaya1333
KAYAN R. KY. Kayaniyut Ky.,,,,
KAYAN R. KY. Uma Lakan,,,,
KAYGIR,Indonesia,,,kaya1328
KAYIK,,,Papua New Guinea,wana1268
KAYONG,Laos,Laos,,kayo1245
KDINJMAL KINGKEL,Australia,Australia,,
KEAPARA,,,Papua New Guinea,keap1239
KEDANG,East Timor,East Timor,,keda1252
KEENOK,Indonesia,,,nort2917
KEHELALA(TAVARA),,,Papua New Guinea,kehe1241
KEI-FORDATA,Indonesia,,,keif1237
KEI-FORDATA/Larat I,Indonesia,,,ford1243
KEI-FORDATA/Larat II,Indonesia,Indonesia,,ford1244
KELA,,,Papua New Guinea,kela1255
KELABIT,,,,kela1258
KELINYAU L. Bento,,,,main1275
KELON,East Timor,East Timor,,
KEMAK/Kemak,East Timor,East Timor,,nucl1540
KEMAK/Nogo,East Timor,East Timor,,nogo1237
KEMBAYAN,Indonesia,Borneo,,kemb1249
KEMTUK,Indonesia,,,kemt1242
KENABOI,Malaysia,Malaysia; Southern Malaysia,,kena1236
KENATI,,,,kena1250
KENINGAU MURUT Dialects / Apin - Aoin Kuijau,,,,
KENINGAU MURUT Dialects / Apin - Apin Kuijar,,,,
KENINGAU MURUT Dialects / Dusun Murut,,,,dusu1272
"KENINGAU MURUT Dialects / Dusun Murut, Tambual",,,,ambu1245
KENINGAU MURUT Dialects / Nabay,,,,naba1255
KENSIU,Malaysia,Malaysia; North-Western Malaysia,,kens1248
KENSIU/Kensiu Batu,Malaysia,Malaysia,,kens1249
KENSIU/Kensiu Pemsed,Malaysia,North-Western Malaysia,,
KENSIU/Kensiu Siong,Malaysia,North-Western Malaysia,,kens1250
KENSIU/Meni Kaien,Malaysia,North-Western Malaysia,,
KENSIU/Semang of Sadang,Malaysia,Southern Malaysia,,
KERAMIN,Australia,Australia,,kera1256
KEREHO - UHENG,,,,kere1285
KEREWO,,,Papua New Guinea,kere1286
KERIAKA,,,Papua New Guinea,ramo1245
KESAWAI,,,Papua New Guinea,kesa1244
KETANGALAN,Taiwan,Taiwan,,keta1243
KEURU Aheave,,,Papua New Guinea,ahea1235
KEWIENG,,,Papua New Guinea,
KHA TONG LUANG,Laos,Laos,,
KHAMET,Thailand,Thailand,,lame1256
KHANG,Vietnam,Vietnam,,khan1274
KHAO,Vietnam,Vietnam,,khan1274
KHMER,Kampuchea; Laos; Thailand,Kampuchea; Laos; Thailand,,cent1989
KHMU,Laos; Thailand,Laos; Thailand,,
KHUA,Laos,Laos,,
KIA,,,Solomon Islands,
KIA R?,Indonesia,,,jair1235
KILENGE,,,Papua New Guinea,male1289
KILMERI,,,Papua New Guinea,kilm1241
KIMAGHAMA,Indonesia,Indonesia,,kima1246
KIMARAGANG,,,,kima1244
KINALAKNA,,,Papua New Guinea,kina1251
KINAMIGIN,Philippines,Philippines,,cina1236
KINOME,Indonesia,,,
KIPUT Balait Jati,,,,
KIRIBATI,,,Kiribati,gilb1244
KIS,,,Papua New Guinea,kiss1246
KISAR,Indonesia,,,kisa1266
KIWUR,Indonesia,,,
KLIAS RIVER KADAZAN,,,,klia1235
KLOR,Laos,Laos,,ngeq1245
KOBON,,,Papua New Guinea,kobo1249
KODI,Indonesia,Indonesia,,kodi1247
KOGUMAN,,,Papua New Guinea,kobo1248
KOKOTA,,,Solomon Islands,koko1269
KOLAKNGAT,Australia,Australia,,cola1237
KOLANA,East Timor; Indonesia,East Timor,,kola1287
KOLOD,,,,okol1241
KOLOM,,,Papua New Guinea,kolo1267
KOMERING,Indonesia,Indonesia,,kome1238
KOMINIMUNG,,,Papua New Guinea,komi1271
KOMUTU,,,Papua New Guinea,nukn1238
KONAI,,,Papua New Guinea,kona1242
KONDA,Indonesia,,,kond1303
KONUA,,,Papua New Guinea,rapo1238
KOPAR,,,Papua New Guinea,kopa1248
KORAFE,,,Papua New Guinea,kora1294
KORAK,,,Papua New Guinea,kora1296
KORAPUN,Indonesia,,,kora1298
KOREI?,Indonesia,,,kofe1239
KORO,,,Vanuatu,koro1308
KOSARE,Indonesia,,,kosa1251
KOSAREK(WANAM),Indonesia,,,
KOSORONG,,,Papua New Guinea,boro1279
KOSRAEAN,,,Federated States of Micronesia,kosr1238
KOTOGUT ?,Indonesia,,,tsak1250
KOVAI,,,Papua New Guinea,kova1243
KOWAKI,,,Papua New Guinea,kowa1245
KRAEN,Thailand,Thailand,,
KRISA,,,Papua New Guinea,kris1246
KUBE Dialects:Kurungtufu,,,Papua New Guinea,kuru1308
KUBE Dialects:Yoanggeng,,,Papua New Guinea,yoan1239
KUI,East Timor,East Timor,,kuii1253
KUIJAU,,,,kuij1237
KULUN,Taiwan,Taiwan,,
KUMAK,,,New Caledonia,nucl1483
KUMAN,,,Papua New Guinea,kuma1280
KUMUKIO,,,Papua New Guinea,kumu1247
KUNDUN,,,Papua New Guinea,
KUNI,,,Papua New Guinea,
KUOT(PANARAS),,,Papua New Guinea,kuot1243
KURADA,,,,auhe1237
KURUDU,Indonesia,,,kuru1305
KUSAGHE,,,Solomon Islands,kusa1251
KUY,Kampuchea; Laos; Thailand,Kampuchea; Laos; Thailand,,kuyy1240
KWAIO,,,Solomon Islands,kwai1243
KWALE,,,Papua New Guinea,uare1241
KWAMERA,,,Vanuatu,kwam1252
KWANGA bongmaise,,,Papua New Guinea,bong1290
KWARA AE,,,Solomon Islands,kwar1239
KWARE,,,Papua New Guinea,uare1241
KWASENGEN,,,Papua New Guinea,hang1263
KWATO,,,Papua New Guinea,kwat1244
KWERBA,Indonesia,,,nucl1595
KWESTEN,Indonesia,,,kwes1245
KWOMA nukuma,,,,kwom1262
KWOMTARI,,,Papua New Guinea,nucl1593
Kabaena,East Timor,East Timor,,
Kabanga,,,Papua New Guinea,
Kabotirai,,,,
Kai,,,Papua New Guinea,
Kaidipan,Indonesia,Sulawesi,,kaid1240
Kaiep,,,Papua New Guinea,kaie1237
Kaimange,,,Papua New Guinea,
Kaina,,,Papua New Guinea,kain1269
Kaintiba,,,Papua New Guinea,kain1268
Kaipuri,Indonesia,,,kuru1305
Kajaman p.,Indonesia,Borneo,,kaja1250
Kakas,Indonesia,Sulawesi,,kaka1268
Kakasa,,,,
Kakuna,,,Papua New Guinea,mamu1254
Kakus Penan W.K.,,,,kaku1241
Kalabat Atas,Indonesia,Sulawesi,,kala1390
Kaliai,,,Papua New Guinea,kali1299
Kalo,,,Papua New Guinea,
Kamasau,,,Papua New Guinea,kama1367
Kamate,,,Papua New Guinea,kama1369
Kambon,Indonesia,,,mand1473
Kami-Kulaka,,,Papua New Guinea,kami1259
Kamora,Indonesia,,,kamo1255
Kampung r PISA,Indonesia,,,
Kamume,Indonesia,,,
Kandepe,,,Papua New Guinea,kand1304
Kao,Indonesia,Indonesia,,kaoo1238
Kaparl,,,Papua New Guinea,
Karambit,,,Papua New Guinea,kara1493
Karira,,,,kari1308
Karnic Group,Australia,Australia,,karn1253
Karo,Indonesia,Indonesia,,
Karore,,,Papua New Guinea,karo1298
Kasuweri,Indonesia,,,kasu1243
Kataz,,,Solomon Islands,kata1267
Katingan,,,Papua New Guinea,
Katrak,,,Papua New Guinea,
Kaulong,,,Papua New Guinea,kaul1240
Kayagar Stock-Level Family,Indonesia,,,kaya1327
Kayan R. Bakung,,,,
Kayaniyut K.,,,,
Keapara,,,Papua New Guinea,keap1239
Keba,,,Papua New Guinea,
Kebar,Indonesia,,,mpur1239
Kedayan,,,,keda1250
Keenaskp,Indonesia,,,
Kega,,,Papua New Guinea,
Keiagana,,,Papua New Guinea,keya1238
Kemandoga,Indonesia,,,
Kendayan - Ambawang,Indonesia,Borneo,,amba1264
Keninjal,,,,keni1248
Ker,,,Papua New Guinea,
Keraware,,,,
Keririmna,Indonesia,,,
Kesu,Indonesia,Sulawesi,,
Khlabra,Indonesia,,,
Khuen,Laos,Laos,,khue1238
Kia,,,Papua New Guinea,kiaa1241
Kiane,,,,
Kiari,,,Papua New Guinea,kiar1239
Kimbin,Indonesia,,,lowe1417
Kiniaki,,,Papua New Guinea,
Kiput p.,,,,kipu1237
Kirome,Indonesia,,,
Kiwaian Family,,,Papua New Guinea,kiwa1251
Kluet,Indonesia,Indonesia,,bata1292
Knwansu,Indonesia,,,
Kobi-Benggoi,Indonesia,Indonesia,,beng1287
Koiarian Family,,,Papua New Guinea,koia1260
Koiwat,,,Papua New Guinea,koiw1243
Kokila,,,Papua New Guinea,koki1243
Kokora,,,Papua New Guinea,nami1258
Kol,,,Papua New Guinea,kolp1236
Kolis MBALOH,,,,kali1304
Komiofi,,,Papua New Guinea,
Komunku,,,Papua New Guinea,komo1263
Konio MEKONGKA,Indonesia,Sulawesi,,
Konjo,Indonesia,Sulawesi,,konj1250
Konomala,,,Papua New Guinea,kono1269
Kontu,,,Papua New Guinea,kont1245
Konyok,Indonesia,,,
Koo,,,Solomon Islands,kooo1245
Kopona,,,Papua New Guinea,kapo1249
Koreipa,,,Papua New Guinea,kole1238
Koriko,,,Papua New Guinea,kori1263
Kosena,,,Papua New Guinea,awiy1238
Kove,,,Papua New Guinea,kove1237
Kovio,,,Papua New Guinea,meke1243
Kuala - Monsok,,,,kual1253
Kubalia A,,,Papua New Guinea,
Kubalia B,,,Papua New Guinea,
Kubo,,,Papua New Guinea,kubo1242
Kubuli,,,Papua New Guinea,kubu1240
Kukula,,,Papua New Guinea,
Kulawi,Indonesia,Sulawesi,,kula1284
Kulinic Group,Australia,Australia,,
Kunei,,,Papua New Guinea,
Kutai Ancalong sd.,,,,anca1243
Kutai Kota Bangun sd.,,,,kota1275
Kutai Malay,Indonesia,Borneo,,teng1267
Kutai Tenggarong,Indonesia,Borneo,,teng1268
Kutai Tenggarong sd.,Indonesia,Borneo,,teng1268
Kwabida,,,Papua New Guinea,
Kwaibo,,,Papua New Guinea,kwai1245
Kwenyii,,,New Caledonia,kwen1247
Kwoma,,,Papua New Guinea,kwom1262
L. Anap,,,,
L. Atau,,,,
L. Atip BARAM KAYAN,,,,
L. Atun,,,,long1398
L. Bangaq,,,,
L. Bawan sd.,,,,
L. Bene,,,,
L. Ekang,,,,long1400
L. Jeeh,,,,
L. Kelawit,,,,
L. Labid,,,,
L. Lamai,,,,
L. Lellang,,,,
L. Luyang,,,,long1397
L. Moh,,,,
L. Napir,,,,
L. Pa Sia sd.,,,,
L. Semado sd.,,,,
L. Semiang,,,,
L. Seridan,,,,
L. Sukang,,,,
L. Wat TUTOH K.,,,,
L.Puyungan,,,,
L.Wai,,,,
LABO,,,Vanuatu,
LABU,,,Papua New Guinea,labu1248
LAE,,,Papua New Guinea,
LAEKO-LIBUAT,,,Papua New Guinea,laek1243
LAGANYAN,Indonesia,Indonesia,,lege1241
LAGHU,,,Solomon Islands,lagh1246
LAHA,Vietnam,Vietnam,,laha1250
LAHANAN,Indonesia,Borneo,,laha1253
LAHU,Laos; Thailand; Vietnam,Laos; Thailand; Vietnam,,lahu1253
LAHU/LISU,Thailand,Thailand,,
LAKALEI,East Timor,East Timor,,laka1255
LAKONA,,,Vanuatu,lako1245
LALAKI,Indonesia,Sulawesi,,tola1247
LAMAHOLOT,East Tiimor; Indonesia,East Timor,,lama1277
LAMAHOLOT/Adonara,East Timor,East Timor,,adon1237
LAMAHOLOT/East,East Timor; Indonesia,East Timor,,
LAMAHOLOT/Ile Mandiri,East Timor,East Timor,,nucl1534
LAMAHOLOT/Lewolaga,East Timor,East Timor,,lewo1249
LAMAHOLOT/Pukaunu,East Timor,East Timor,,
LAMAHOLOT/Solor,East Timor,East Timor,,
LAMAHOLOT/South,East Timor,East Timor,,
LAMAHOLOT/Tanjung Bunga,Indonesia,,,tanj1250
LAMAM/HA,Laos,Laos,,roma1331
LAMBOYA,Indonesia,Indonesia,,lamb1273
LAMET,Laos,Laos,,lame1256
LAMETIN,,,,mere1242
LAMMA,East Timor,East Timor,,
LAMOGAI,,,Papua New Guinea,lamo1244
LAMPUNG/C-E,Indonesia,Indonesia,,
LAMPUNG/C-W,Indonesia,Indonesia,,
LAMPUNG/Northern,Indonesia,Indonesia,,lamp1242
LAMPUNG/S-E,Indonesia,Indonesia,,
LAMPUNG/S-W,Indonesia,Indonesia,,lamp1243
LAMPUNG/Southern,Indonesia,Indonesia,,
LAMPUNG/Western,Indonesia,Indonesia,,
LANGALANGA,,,Solomon Islands,wala1266
LANGAM,,,Papua New Guinea,
LANOH,Malaysia,North-Western Malaysia,,lano1248
LARA,Indonesia,Borneo,,
LARDIL,Australia; China,Australia; China,,lard1243
LAREVAT,,,Vanuatu,lare1249
LARIKE-Wakasihu,Indonesia,Indonesia,,lari1255
LAU,,,Solomon Islands,lauu1247
LAUA,,,Papua New Guinea,laua1245
LAVIA,Thailand,Thailand,,awac1238
LAVONGAI,,,Papua New Guinea,tung1290
LAVUKALEVE,,,Solomon Islands,lavu1241
LAYOLO,Indonesia,,,laiy1246
LEHALI,,,,leha1243
LEHALURUP,,,,leha1244
LELAK Dali,,,,dali1244
LEMBENA,,,Papua New Guinea,lemb1266
LEMIO,,,Papua New Guinea,lemi1243
LENAKE,,,Vanuatu,lena1238
LENGILU,,,,leng1260
LENGO,,,Solomon Islands,leng1259
LETEMBOI,,,Vanuatu,lete1242
LETRI LGONA/Lakor,Indonesia,,,lako1246
LETRI LGONA/Leti,Indonesia,,,leti1246
LETRI LGONA/Moa,Indonesia,,,moaa1237
LETRI LGONA/Sermata,Indonesia,,,serm1234
LETRI LGONA/Wetan-W(N)Babar,Indonesia,,,weta1243
LEWADA,,,Papua New Guinea,
LEWO,,,Vanuatu,lewo1242
LI,China,China,,
LIHIR,,,Papua New Guinea,lihi1237
LILAU,,,Papua New Guinea,lila1246
LINDU,,,,lind1249
LINGARAK,,,Vanuatu,ling1265
LINGKABAU,,,,
LISABATA-NONIALI,Indonesia,Indonesia,,lisa1239
LISU,Thailand,Thailand,,lisu1250
LITZLITZ,,,Vanuatu,litz1237
LOBU,,,,lobu1241
LOH,,,,loto1240
LOHIKI,,,Papua New Guinea,akoy1238
LONGA,,,Papua New Guinea,
LONGGU,,,Solomon Islands,long1395
LONWOLWDL,,,Vanuatu,lonw1238
LOREDIAKARKAR,,,,lore1244
LOTUD,,,,lotu1250
LOUN,Indonesia,Indonesia,,loun1239
LOVEN,Laos,Laos,,lave1248
LOWER MOREHEAD(PEREMKA),,,Papua New Guinea,kunj1246
LUANGIUA,,,,onto1237
LUE,Laos; Thailand,Laos; Thailand,,
LUHU,Indonesia,Indonesia,,luhu1243
LUHU Keleng,Indonesia,Indonesia,,kela1256
LUKEP,,,Papua New Guinea,loke1237
LUN DAYE p. Papadi sd.,,,,
"LUN DAYE p., Kawang - Menadong sd.",,,,
LUNGGA,,,Solomon Islands,lung1249
Labeau,Indonesia,Sulawesi,,
Labu Malay,Indonesia,Borneo,,
Lagume,,,Papua New Guinea,lagu1249
Laiaeo,Indonesia,Sulawesi,,lala1271
Laket,,,Papua New Guinea,lake1254
Lakiung,Indonesia,Sulawesi,,gowa1239
Lalaeo,Indonesia,Sulawesi,,lala1271
Lalaura,,,Papua New Guinea,lala1267
Lambau,,,Papua New Guinea,lamb1275
Lamusong,,,Papua New Guinea,lamu1255
Lapo' Lulit KELINYAU K.,,,,lepo1241
Laroni,,,Papua New Guinea,
Latep,,,Papua New Guinea,late1249
Lavatbura,,,Papua New Guinea,lava1240
Lawangan,Indonesia,Borneo,,lawa1257
Lawas sd.,,,,
Leileiafa?,,,Papua New Guinea,leil1237
Lelak p.,,,,lela1246
Lelet,,,Papua New Guinea,lele1268
Lembum,,,Papua New Guinea,
Lemiting,,,,lemi1242
Lesser Eastern,,,Papua New Guinea,
Limboto,Indonesia,Sulawesi,,limb1269
Limeri,Indonesia,,,
Linggang,Indonesia,Borneo,,tunj1245
Lirong SEBOB K.,,,,liro1237
Local Malay,Indonesia; Singapore,Borneo; Singapore,,
Logea,,,,
Lolak,Indonesia,Sulawesi,,lola1250
Lole,Indonesia,Sulawesi,,
Lomaumbi,,,Solomon Islands,loma1262
Londong,Indonesia,Borneo,,tunj1246
Long Akah,,,,
Longeinga,,,Papua New Guinea,
Loso,,,Papua New Guinea,
Lowei Bian,Indonesia,,,
Lower Aikhe,Indonesia,,,
Lower Bele,,,,
Lubu,Indonesia,,,lubu1241
M,Thailand,Thailand,,
M.,,,,
MABA,Indonesia,Indonesia,,maba1278
MADEN,Indonesia,Indonesia,,made1253
MADKI,Indonesia,,,
MADURESE/Central,Indonesia,Indonesia,,nucl1460
MADURESE/Western,Indonesia,Indonesia,,nucl1460
MADURESE/all Dialects,Indonesia,Indonesia,,nucl1460
MAE,,,Vanuatu,maee1241
MAFEA,,,,mafe1237
MAGI,,,Papua New Guinea,magi1243
MAGINDANAO,Philippines,Philippines,,magu1243
MAGORI,,,Papua New Guinea,mago1248
MAHAKAM K. Boh,,,,
MAHAKAM K. p.,Indonesia,Borneo,,
MAHIGI,,,Papua New Guinea,mahi1249
MAII,,,Vanuatu,maii1238
MAIRASI,Indonesia,,,nort2908
MAISIN,,,Papua New Guinea,mais1250
MAISIN(Kosirava),,,Papua New Guinea,mais1250
MAISIN(Uiaku),,,Papua New Guinea,
MAKASAI,Indonesia,,,maka1317
MAKASAI/Makiere,East Timor,East Timor,,makl1245
MAKLEW,Indonesia,,,makl1246
MAKU'A,East Timor,East Timor,,maku1277
MAL,Thailand,Thailand,,
MALALAMAI,,,Papua New Guinea,mala1489
MALANGO,,,Solomon Islands,mala1484
MALAS,,,Papua New Guinea,
MALASANGA,,,Papua New Guinea,mala1487
MALAWEG,Philippines,Philippines,,mala1534
MALAY,Malaysia,Eastern Malaysia; Malaysia; North-Eastern Malaysia; North-Western Malaysia; Southern Malaysia; Urak Lawoi',,stan1306
MALE,,,Papua New Guinea,male1291
MALEU,,,Papua New Guinea,male1289
MALFAXAL,,,Vanuatu,malf1237
MALMARIV,,,,mere1242
MALO,,,Vanuatu,malo1243
MALUABAY,,,Vanuatu,
MAMAA,,,Papua New Guinea,mama1277
MAMAM,,,Papua New Guinea,mana1295
MAMANWA,Philippines,Philippines,,mama1275
MAMBAI/Damata,East Timor,East Timor,,dama1271
MAMBAI/Lolei,East Timor,East Timor,,lole1240
MAMBAI/Mambai,East Timor,East Timor,,mamb1307
MAMBAI/Manua,East Timor,East Timor,,manu1259
MAMBORU,Indonesia,Indonesia,,mamb1305
MAMUJU,Indonesia,Sulawesi,,mamu1255
MANADO MALAY,Indonesia,Sulawesi,,mala1481
MANAGALASI,,,Papua New Guinea,
MANAMEU,,,Papua New Guinea,
MAND,,,Papua New Guinea,atem1241
MANDAR,Indonesia,Sulawesi,,mand1442
MANDAYA,Philippines,Philippines,,kara1489
MANDER,Indonesia,,,mand1443
MANEM,,,,
MANG,Vietnam,Vietnam,,mang1378
MANGA BUANG,,,Papua New Guinea,mang1404
MANGAP,,,,
MANGARAYI,Australia,Australia,,mang1381
MANGAREVA,,,,mang1401
MANGARLA,Australia,Australia,,mang1383
MANGGARAI/Central,East Timor,East Timor,,cent2073
MANGGARAI/Central Eastern,East Timor,East Timor,,cent2073
MANGGARAI/East,East Timor,East Timor,,east2463
MANGGARAI/Transitional,East Timor,East Timor,,west2536
MANGGARAI/West,East Timor,East Timor,,west2537
MANGKONG,Laos,Laos,,mang1379
MANIHIKI-RAKAHANGA(COOK ISLANDS MAORI),,,,raka1237
MANIPA,Indonesia,Indonesia,,
MANUSELA,Indonesia,Indonesia,,manu1258
MAPE Naga Fukac,,,Papua New Guinea,mape1249
MAPENA,,,Papua New Guinea,mape1250
MAPI R?,Indonesia,,,
MAPIA,Indonesia,,,
MAPOS BUANG,,,Papua New Guinea,
MARAGUS,,,Vanuatu,
MARAMBA,,,Papua New Guinea,
MARANAO,Philippines,Philippines,,
MARAU,,,Solomon Islands,
MARAWARA,Australia,Australia,,
MAREMGI,,,,
MARI,,,Papua New Guinea,mari1429
MARIA,,,Papua New Guinea,
MARIGL,,,Papua New Guinea,
MARIND Kumbe,Indonesia,,,
MARING,,,Papua New Guinea,
MARINGE,,,Solomon Islands,
MARINO,,,Vanuatu,
MAROVO,,,Solomon Islands,maro1244
MARSHALLESE,,,Marshall Islands,
MARTU YHUNIRA,Australia,Australia,,mart1255
MASBATENO,Philippines,Philippines,,
MASIWANG,Indonesia,Indonesia,,masi1266
MASKELYNES,,,,
MASSEP ?,Indonesia,,,
MATBAT,Indonesia,Indonesia,,matb1237
MATEPI,,,Papua New Guinea,
MATUKAR,,,Papua New Guinea,matu1261
MAWAE,,,Papua New Guinea,
MAWAK,,,Papua New Guinea,
MAWAN,,,Papua New Guinea,
MAWES,Indonesia,,,
MAYA,Indonesia,Indonesia,,
MAYO Yau,,,Papua New Guinea,
MBALOH,,,,
MEAKAMBUT,,,Papua New Guinea,
MEAX,Indonesia,,,
MEBU,,,Papua New Guinea,
MEDEBUR,,,Papua New Guinea,mede1237
MEGIAR,,,Papua New Guinea,
MEHEK,,,Papua New Guinea,
MEKMEK,,,Papua New Guinea,
MEKONGKA Norio,Indonesia,Sulawesi,,
MELAMELA,,,Papua New Guinea,mera1242
MELANAU Daro,Indonesia,Borneo,,
MENA,,,Papua New Guinea,
MENDALAM KY.,,,,
MENGEN,,,Papua New Guinea,
MENINGGO,,,,
MENTAWAI/Northern Siberut,Indonesia,Indonesia,,ment1249
MENTAWAI/Pagai,Indonesia,Indonesia,,paga1237
MENTAWAI/Sipura,Indonesia,Indonesia,,sipu1239
MENTAWAI/Southern Siberut,Indonesia,Indonesia,,ment1249
MENYA,,,Papua New Guinea,
MEO,Burma; Laos; Thailand; Vietnam,Laos; Thailand; Vietnam,,
MERLAV,,,,merl1237
MESEM,,,Papua New Guinea,mese1244
MIDSIVINDI,,,Papua New Guinea,
MIKAREW,,,Papua New Guinea,
MIKARU Mikaru Padibi,,,Papua New Guinea,
MINANGKABAU,Indonesia,,,mina1268
MINANGKABAU/C-W,Indonesia,Indonesia,,mina1268
MINANGKABAU/Central,Indonesia,Indonesia,,mina1268
MINANGKABAU/Central Eastern,Indonesia,Indonesia,,mina1268
MINANGKABAU/Central Northern,Indonesia,Indonesia,,mina1268
MINANGKABAU/Kerinci,Indonesia,Indonesia,,keri1250
MINANGKABAU/Kerinci-Minangkabau,Indonesia,Indonesia,,keri1250
MINANGKABAU/Muko-Muko,Indonesia,Indonesia,,muko1237
MINANGKABAU/Northern,Indonesia,Indonesia,,mina1268
MINANGKABAU/Pekal,Indonesia,Indonesia,,peka1242
MINANGKABAU/South-Eastern,Indonesia,Indonesia,,mina1268
MINANGKABAU/South-Western,Indonesia,Indonesia,,mina1268
MINANGKABAU/Southern,Indonesia,Indonesia,,mina1268
MINANGKABAU/Western,Indonesia,Indonesia,,mina1268
MINANIBAI,,,Papua New Guinea,mina1274
MINDIRI,,,Papua New Guinea,mind1255
MINGIN,Australia,Australia,,
MIRIAM(ERUB),,,Papua New Guinea,
MISIM,,,Papua New Guinea,
MIYAK,,,Papua New Guinea,
MNONG,Laos,Laos,,
MODANG Benehes,,,,
MODANG L. Glat,,,,
MODANG Long Glat,Indonesia,Borneo,,
MOERE,,,Papua New Guinea,
MOESWAR,Indonesia,,,meos1237
MOI,Indonesia,Indonesia,,
MOK,Thailand,Thailand,,
MOK-AFIA(BIBLING),,,Papua New Guinea,mouk1239
MOKEN,Thailand,Thailand,,moke1242
MOKILESE,,,,
MOLBOG,Philippines,Philippines,,
MOLIMA,,,Papua New Guinea,
MOLOF,,,,
MOMARE,,,Papua New Guinea,
MOMBUM,Indonesia,Indonesia,,
MON,Laos; Thailand,Laos; Thailand,,moni1258
MONGOL,,,Papua New Guinea,
MONI Dugindoga,Indonesia,,,
MONO ALU,,,Solomon Islands,mono1273
MONOM,Laos,Laos,,mono1268
MONUMBO,,,Papua New Guinea,
MOR,Indonesia,,,morm1235
MORAFA,,,Papua New Guinea,
MORAID,Indonesia,,,
MORAORI,Indonesia,,,
MORAWA,,,Papua New Guinea,
MORESADA,,,Papua New Guinea,
MORI,Indonesia,Sulawesi,,mori1269
MORI Saroako,,,,
MORI Watu - Karunsi,Indonesia,Sulawesi,,
MORIGI,,,Papua New Guinea,mori1271
MORIORI(Extinct),,,,
MOROUAS,,,,
MORTLOCKESE,,,,
MORWAP,,,,
MOS,Indonesia,,,
MOSIMO,,,Papua New Guinea,
MOSINA,,,Vanuatu,
MOTA,,,,mota1237
MOTLAV,,,,motl1237
MOTU,,,Papua New Guinea,
MOUNTAIN ARAPESH,,,Papua New Guinea,
MOUNTAIN KOIARI,,,Papua New Guinea,
MPI,Thailand,Thailand,,
MPOTOVORO,,,Vanuatu,
MRABRI,Laos,Laos,,
MUANG,Laos,Laos,,
MUGIL,,,Papua New Guinea,
MUK-THANG Dialects:Bidhawal,Australia,Australia,,
MUK-THANG Dialects:Muk-Thang(Brabiralung),Australia,Australia,,
MUK-THANG Dialects:Thangqual(Kratauatungalung),Australia,Australia,,
MUKAWA,,,Papua New Guinea,
MULAHA(Mulaha),,,Papua New Guinea,
MUNA,Indonesia,Sulawesi,,
MUNIT,,,Papua New Guinea,
MUNIWARA,,,Papua New Guinea,
MUNKIP,,,Papua New Guinea,mung1272
MUONG,Laos,Laos,,
MURIK,,,Papua New Guinea,
MURIK KY. L. Nanyuq,,,,
MURRINHPATHA,Australia,Australia,,
MURUPI,,,Papua New Guinea,
MUSAR,,,Papua New Guinea,
MUSIAN,,,Papua New Guinea,
MUSOM,,,Papua New Guinea,
MUTU,,,Papua New Guinea,mutu1242
MUTUM,,,Papua New Guinea,
Ma,,,Papua New Guinea,
Ma'anyan,Indonesia,Borneo,,
Maba,Indonesia,Indonesia,,
Mai,,,Papua New Guinea,
Maie-Yesan,,,Papua New Guinea,
Mailuan family,,,Papua New Guinea,
Maiwa,Indonesia,Sulawesi,,maiw1250
Majene,Indonesia,Sulawesi,,
Makada,,,,
Makale,Indonesia,Sulawesi,,
Makelai,Indonesia,Sulawesi,,
Maket,,,Papua New Guinea,
Makolkol,,,Papua New Guinea,
Makwei,Indonesia,,,
Malageti,,,Solomon Islands,
Malamuni,,,Papua New Guinea,
Malayan Group,Indonesia,Indonesia,,ambo1250
Maligan Tagal,,,,
Malom,,,Papua New Guinea,
Mamasa,Indonesia,Sulawesi,,
Mambar,,,Papua New Guinea,
Mamusi,,,Papua New Guinea,mamu1256
Mangarayan Family-Level Isolate,Australia,Australia,,
Mangerrian Family,Australia,Australia,,
Mangki,Indonesia,Sulawesi,,
Manikion,Indonesia,,,
Manoa,,,Papua New Guinea,
Mantion,Indonesia,,,
Manuan,,,,
Maopa,,,Papua New Guinea,
Mapia,Indonesia,,,
Mapos,,,Papua New Guinea,
Mappa - Pana,Indonesia,Sulawesi,,
Maprik,,,Papua New Guinea,
Marau Malay,Indonesia,Borneo,,
Mareku,,,,
Marey,Indonesia,,,
Maria,,,Papua New Guinea,
Maric Group,Australia,Australia,,mari1445
Maru,Indonesia,,,
Masawa,,,Papua New Guinea,
Masingle,,,Papua New Guinea,
Matanai,Indonesia,Sulawesi,,
Matu,Indonesia,Borneo,,
Matupit,,,Papua New Guinea,
Maututu,,,Papua New Guinea,
Mbaloh,,,,
Mbolfle,Indonesia,,,
Mea,,,New Caledonia,
Medlpa,,,Papua New Guinea,
Megi,,,Papua New Guinea,
Melaripi-Kaipi,,,Papua New Guinea,
Meratus (Bukit) sd.,Indonesia,Borneo,,
Merau Malay,Indonesia,Borneo,,
Mesan,,,Papua New Guinea,
Mesi,,,Papua New Guinea,
Mid-Kemandoga,Indonesia,,,
Mid-Mbiyandoga,Indonesia,,,
Mid-Wahgi WAHGI,,,Papua New Guinea,
Mid-eastern  SOUTHERN TASMANIAN,Australia,Australia,,
Middle Bamu,,,Papua New Guinea,
Milikin sd.,Indonesia,Borneo,,
Minahasan Group,Indonesia,Sulawesi,,mina1272
Minginan Family-Level Isolate,Australia,Australia,,
Minjori,,,Papua New Guinea,
Minokok,,,,
Mio?,,,Papua New Guinea,
Mioko,,,,
Mirapu,,,Papua New Guinea,
Miu,,,Papua New Guinea,
Mogoni,,,,
Mokorua,,,Papua New Guinea,
Moli,,,Solomon Islands,
Molot,,,,
Mongolipa,,,Papua New Guinea,
Mono,,,,
Moreave Toaripi,,,Papua New Guinea,nucl1581
Mori,,,Papua New Guinea,
Morigi-lokea,,,Papua New Guinea,
Mosana,Indonesia,Indonesia,,
Move,,,Papua New Guinea,
Mualang,Indonesia,Borneo,,mual1241
Mugin,Indonesia,,,
Mukah - Oya,Indonesia,Borneo,,
Mukumuga,Indonesia,,,
Mumeng,,,Papua New Guinea,
Muro,,,Papua New Guinea,
Muruwaric Group-Level Isolate,Australia,Australia,,
N Beami?,,,Papua New Guinea,
N Mendi(Angal),,,Papua New Guinea,anga1293
N-E KOIARI,,,Papua New Guinea,
N-W,Malaysia,North-Western Malaysia,,
N. ROGLAI,Laos,Laos,,nort2994
N.E. Costal,Indonesia,Indonesia,,
N.W Kewa,,,Papua New Guinea,
NABAK,,,Papua New Guinea,naba1256
NABI,Indonesia,,,kuri1260
NAFRI,Indonesia,,,
NAGANE,,,Papua New Guinea,
NAGATMAN,,,Papua New Guinea,
NAGOVISI,,,Papua New Guinea,
NAHU,,,Papua New Guinea,
NAKE,,,Papua New Guinea,
NALCA,Indonesia,,,nalc1240
NALIK,,,Papua New Guinea,nali1244
NAMAKURAN,,,,nama1268
NAMBI,,,Papua New Guinea,
NAMBU,,,Papua New Guinea,
NAMIE,,,Papua New Guinea,
NAMONUITO,,,,
NAMUMI,,,Papua New Guinea,
NANKINA,,,Papua New Guinea,nank1250
NAPU,Indonesia,Sulawesi,,
NARA(POKAU),,,Papua New Guinea,
NARAK,,,Papua New Guinea,
NARANGO,,,,nara1263
NARAU,Indonesia,,,
NARI-NARI,Australia,Australia,,
NAROM Miri,,,,
NARRUNGGA,Australia,Australia,,
NASARIAN,,,Vanuatu,
NASIO,,,Papua New Guinea,
NAUBUAN,,,Nauru,
NAUETI/Naumik,East Timor,East Timor,,naue1237
NAUETI/Oso Moko,East Timor,East Timor,,naue1237
NAVUT,,,,
NDAO,Indonesia,,,
NDUGA,Indonesia,,,ndug1245
NDUKE,,,Solomon Islands,duke1237
NEDEBANG,East Timor,East Timor,,
NEKGINI,,,Papua New Guinea,
NEKO,,,Papua New Guinea,
NEKU,,,New Caledonia,neku1237
NEMI,,,New Caledonia,
NENGAYA,,,Papua New Guinea,
NENGONE,,,New Caledonia,neng1238
NERE,,,New Caledonia,
NETE,,,Papua New Guinea,
NEW ZALAND MAORI,,,,maor1246
NGADA,East Timor,East Timor,,ngad1261
NGADA/Central,Indonesia,,,cent2074
NGADA/Soa,Indonesia,,,
NGADA/South-Eastern,East Timor,East Timor,,east2464
NGADA/South-Western,East Timor,East Timor,,sout2884
NGADJURI,Australia,Australia,,ngad1257
NGAGU,Australia,Australia,,
NGAING,,,Papua New Guinea,
NGALA,,,Papua New Guinea,
NGALAKAN,Australia,Australia,,
NGALIWURU,Australia,Australia,,
NGALUM Ngaium,Indonesia,,,ngal1298
NGAMBAA,Australia,Australia,,
NGANYAYWA,Australia,Australia,,
NGARDI,Australia,Australia,,
NGARIAWAN,,,Papua New Guinea,
NGARLA,Australia,Australia,,ngar1296
NGEH,Laos,Laos,,
NGENKI-WUMERRI,Australia,Australia,,
NGUNAWAL,Australia,Australia,,
NGUNDANBI,Australia,Australia,,
NGUON,Laos,Laos,,nguo1239
NHUWALA,Australia,Australia,,nhuw1239
NIAS/Eastern,Indonesia,Indonesia,,
NIAS/Sichule,Indonesia,Indonesia,,siku1242
NIAS/Western,Indonesia,Indonesia,,nias1242
NIMBORAN,Indonesia,,,
NIMI,,,Papua New Guinea,
NIMO Nakwi,,,Papua New Guinea,
NINGERA,,,Papua New Guinea,
NINGGIRUM Kasuwa,,,,
NINGI,,,Papua New Guinea,
NIRSAN(YALI),Indonesia,,,
NISA ?,,,,
NIUAFOOU,,,,niua1240
NIUE,,,Niue,niue1239
NO,Australia,Australia,Papua New Guinea,
NOKOPO,,,Papua New Guinea,
NOKUKU,,,,noku1237
NOMAD Samo,,,Papua New Guinea,
NOMANE,,,Papua New Guinea,
NOMU,,,Papua New Guinea,
NOOM,Indonesia,Indonesia,,
NORTH - EAST BARITO,Indonesia,Borneo,,
NORTH AMBRYM,,,Vanuatu,nort2839
NORTH ASMAT,Indonesia,,,
NORTH EASTERN PAMA,Australia,Australia,,
NORTH EFATE,,,Vanuatu,nort2836
NORTH KATI,Indonesia,,,
NORTH MAKAMA,,,Papua New Guinea,
NORTH NGALIK,Indonesia,,,
NORTH NUK,,,Papua New Guinea,
NORTH TANNA,,,Vanuatu,nort2847
NORTH-EASTERN MAIRASI ?,Indonesia,,,
NORTHERN BISAYA,,,,
NORTHERN CATANDUANES BIKOL,Philippines,Philippines,,nort2883
NORTHERN PAMA,Australia,Australia,,
NORTHERN TASMANIAN,Australia,Australia,,
NOTSI,,,Papua New Guinea,nots1237
NOTU,,,Papua New Guinea,nucl1606
NUAULU,Indonesia,Indonesia,,nuau1240
NUGUNU,Australia,Australia,,
NUKUMANU,,,,
NUKUORO,,,,
NUKURIA,,,,
NUMANGANG EAST,,,Papua New Guinea,
NUMANGANG WEST,,,Papua New Guinea,
NUME,,,Vanuatu,nume1241
NUNUNGAL,Australia,Australia,,
NUSALAUT,,,,
NYAHEUN,Laos,Laos,,nyah1249
NYAKUR,Laos; Thailand,Laos; Thailand,,nyah1250
"NYAMAL,INLAND",Australia,Australia,,nyam1271
NYANGGA,Australia,Australia,,
NYIGINA,Australia,Australia,,
Naguim A,,,Papua New Guinea,
Naguim B,,,Papua New Guinea,
Naguim C,,,Papua New Guinea,
Nahes Liah Bing MODANG,,,,
Nakkaran Family-Level Isolate,Australia,Australia,,
Nambeomon,Indonesia,,,
Nami,,,Papua New Guinea,
Narom p.,,,,
Natuna Besar,Indonesia,,,
Ndi,,,Solomon Islands,
Neget Besa,Indonesia,,,
Ngangurugu,Australia,Australia,,
Ngarinyeric-Yithayithic Grop,Australia,Australia,,
Ngarkat,Australia,Australia,,
Ngarowapum,,,Papua New Guinea,
Ngawait,Australia,Australia,,
Nginia,,,Solomon Islands,
Nhulunbuy,Australia,Australia,,
Nias/Eastern,Indonesia,,,nias1242
Nibong,,,,
Nigac,,,Papua New Guinea,
Nigubaiba,,,Papua New Guinea,
Nimo,,,Papua New Guinea,
Ninggirunt,,,,
Nll,,,Papua New Guinea,
Nodum,,,,
Norht KOMBIO,,,Papua New Guinea,
North  TIMBE,,,Papua New Guinea,
North & Central New Hebnides Group,,,Vanuatu,
North AIRO-SUMAGHAGHE,Indonesia,,,
North ASIENARA,Indonesia,,,
North Awin,,,Papua New Guinea,
North Balim,Indonesia,,,
North Boazi,,,Papua New Gu,
North DEDUA,,,Papua New Guinea,dedu1240
North FORE,,,Papua New Guinea,
North IRAHUTU,Indonesia,,,irar1238
North KANUM,Indonesia,,,
North KAUGAT,Indonesia,,,
North LOLODA,Indonesia,Indonesia,,
North MIGABAC,,,Papua New Guinea,miga1241
North MODOLE,Indonesia,Indonesia,,
North Mansap BUNA,,,Papua New Guinea,
North Mianmin(Wagarabi),,,,
North SAWUY,Indonesia,,,
North SELEPET,,,Papua New Guinea,sele1250
North URAT,,,Papua New Guinea,
North Western,,,,
North Western GIMAN,Indonesia,Indonesia,,
North YELMEK,Indonesia,,,
North Yey,Indonesia,,,
North-Eastern GIMAN,Indonesia,Indonesia,,
North-Western KWERBA,Indonesia,,,
North-Western PAWAIA,,,,
North-eastern  SOUTHERN TASMANIAN,Australia,Australia,,
North-eastern Awa,,,Papua New Guinea,
North-eastern KWERBA,Indonesia,,,
North-wahgi,,,Papua New Guinea,
Northern ALUNE,Indonesia,Indonesia,,
Northern East TURU,,,,
Northern GIDRA,,,,
Northern Kutai sd.,Indonesia,Borneo,,
Northern MABUIAG,,,,
Northern MOUNTAIN KOIARI,,,Papua New Guinea,moun1252
Northern TAIRORA,,,Papua New Guinea,nort2920
Northern TURU,,,,
Northern dialects,Indonesia,,,
Nufor,Indonesia,,,
Null,,,,
Nulu,,,,
Numba,,,Papua New Guinea,
Numee,,,New Caledonia,nume1242
Nunggubuyan Family-Level Isolate,Australia,Australia,,
Nyamok,,,,
Nyaura,,,Papua New Guinea,
Nyawaygic Group,Australia,Australia,,nyaw1248
Nyeku TOBARU,Indonesia,Indonesia,,
Nyulnyulan Family,Australia,Australia,,
OBO MANOBO,Philippines,Philippines,,
OIRATA,Indonesia,,,oira1263
OKSAPMIN,,,Papua New Guinea,oksa1245
OMATI,,,Papua New Guinea,omat1240
ONABASULU,,,Papua New Guinea,onob1238
ONE,,,Papua New Guinea,
ONG,Laos,Laos,,ongg1239
ONIN,Indonesia,,,onin1245
ONJOB,,,,onjo1240
OPAO,,,Papua New Guinea,opao1240
ORMU,Indonesia,,,ormu1248
OROHA,,,Solomon Islands,oroh1237
OROKOLO,,,Papua New Guinea,orok1267
OROWE,,,New Caledonia,orow1242
OSUM,,,Papua New Guinea,
OUMA,,,Papua New Guinea,ouma1237
OWENA,,,Papua New Guinea,
OWINIGA,,,Papua New Guinea,owin1240
Oba,Indonesia,,,
Obura,,,Papua New Guinea,omwu1238
Oga Bakung,,,,
Oibu,,,Papua New Guinea,oibu1239
Ok Bab,Indonesia,,,
Oko,,,,
Omene,,,Papua New Guinea,omen1237
Omo,,,,
Ongac,,,Papua New Guinea,
Ono,,,Papua New Guinea,
Orang Hulu,Malaysia,Malaysia,,hulu1245
Orang Kanaq,Malaysia,Southern Malaysia,,oran1258
Orang Seletar,Malaysia; Singapore,Singapore; Southern Malaysia,,oran1259
Oruone,,,Papua New Guinea,oruo1237
Other ?,,,Papua New Guinea,
Oyana,,,Papua New Guinea,oyan1240
P. APUT,,,,puna1267
P. Basap,,,,puna1273
P. Batu,,,,puna1278
P. Kelai,Indonesia,Borneo,,
P. MERAH,Indonesia,Borneo,,puna1268
P. MERAP,,,,
P. NIBONG P. Lanying,,,,
P. NIBONG Sipeng,,,,
P. Oho,,,,
P. Penjalin,,,,
P. Poh,,,,
P. Ratah,,,,
P. Sajau,,,,puna1271
P. Segah,,,,
P. Silat,,,,
P. TUBU K.?,,,,
P. Ukit,,,,
PA,,,Papua New Guinea,
PA'UMOTU,,,,
PAAFANG,,,,paaf1237
PAAMA,,,,paam1238
PACOH,Laos,Laos,,paco1243
PAGI,,,Papua New Guinea,pagi1244
PAGU lsam,Indonesia,Indonesia,,isam1243
PAHI,,,Papua New Guinea,pahi1246
PAI,,,Papua New Guinea,
PAICI,,,New Caledonia,paic1239
PAIWAN,Taiwan,Taiwan,,paiw1248
PAK TAY,Thailand,Thailand,,
PAKA,,,Papua New Guinea,
PALAUAN,Palau,United States,,pala1344
PALAWENO,Philippines,Philippines,,cent2091
PALLANGANM DDANG,Australia,Australia,,pall1243
PALU'E,Indonesia,,,palu1252
PAMONA,Indonesia,Sulawesi,,pamo1252
PAMONA Ampana,Indonesia,Sulawesi,,ampa1240
PAMONA Batui,Indonesia,Sulawesi,,
PAMONA Belala,Indonesia,Sulawesi,,
PAMONA Laiwonu,Indonesia,Sulawesi,,laiw1240
PAMONA Pu'u Mboto,Indonesia,Sulawesi,,puum1234
PAMONA Sinihoan,Indonesia,Sulawesi,,
PAMONA Sinohoan,Indonesia,Sulawesi,,sino1247
PANGASINAN,Philippines,Philippines,,pang1290
PANIM,,,Papua New Guinea,
PAONDA,,,Papua New Guinea,
PAPASENA,,,,papa1269
PAPI,,,,
PAPORA,Taiwan,Taiwan,,papo1239
PAPUAN,Indonesia,,,
PARANAN,Philippines,Philippines,,
PARAWEN,,,Papua New Guinea,
PASI,,,,
PASISMAUNA Eastern Inland,,,Papua New Guinea,
PATANI,Indonesia,Indonesia,,
PAULOH,Indonesia,Indonesia,,paul1238
PAUWI,Indonesia,,,
PAY,,,Papua New Guinea,
PAYNAMAR,,,Papua New Guinea,
PAZEH,Taiwan,Taiwan,,
PEAR,Laos,Laos,,pear1247
PERAMANGK,Australia,Australia,,
PHALO,Thailand,Thailand,,
PHANG,Thailand,Thailand,,
PHAY,Laos,Laos,,
PHNAN,Laos,Laos,,
PHU YAI,Laos,Laos,,
PHUONG,Laos,Laos,,phuo1238
PIAMATSINA,,,,piam1242
PIAME,,,Papua New Guinea,
PIJE,,,New Caledonia,
PILA,,,Papua New Guinea,
PILENI Taumako,,,,
PINAI,,,Papua New Guinea,
PINGILAPESE,,,,
PINTUPI,Australia,Australia,,pint1254
PIPIKORO,Indonesia,Sulawesi,,
PITU ULUNNA SALO,Indonesia,Sulawesi,,
PIU,,,Papua New Guinea,
POGAIA,,,Papua New Guinea,
POLONOMBAUK,,,,polo1242
PONAPEAN,,,Federated States of Micronesia,
PONDOMA,,,Papua New Guinea,
PONG1,Laos,Laos,,
PONG3,Laos,Laos,,
PONOSAKAN,Indonesia,Sulawesi,,
POROME,,,Papua New Guinea,
PORT SANDWITH,,,Vanuatu,
PORT VATO,,,Vanuatu,port1286
PRAY/PHAY,Laos,Laos,,
PUARI,,,Papua New Guinea,
PUKAPUKA,,,,
PULABU,,,Papua New Guinea,
PULIF,,,Papua New Guinea,
PULUWAT,,,,
PURAGI,Indonesia,,,
PURARI,,,Papua New Guinea,
PUTOH,,,,
PUYUMA,Taiwan,Taiwan,,
PUYUMA_Nanwang,Taiwan,Taiwan,,
PWAAMEI,,,New Caledonia,
PWAPWA,,,New Caledonia,pwap1237
PYU,,,,
Padiaua,Indonesia,Indonesia,,
Padoe MORI,Indonesia,Sulawesi,,
Pahu,Indonesia,Borneo,,
Paitanic Subgroup,,,,
Pakuli,Indonesia,Sulawesi,,
Pala,,,Papua New Guinea,
Palakka,Indonesia,Sulawesi,,
Palaw,Burma,,,
Paluan p. sd.,,,,
Paman Group,Australia,Australia,,
Pandewan,,,,
Paniai,Indonesia,,,
Papar 1 sd.,,,,
Papua New Guinea,,,,
Parb,,,Papua New Guinea,
Parce,,,Papua New Guinea,
Parepare,Indonesia,Sulawesi,,
Parigi,Indonesia,Sulawesi,,
Paripau,,,Solomon Islands,
Paruwa,,,Papua New Guinea,
Pasir Malay,Indonesia,Borneo,,
Patep,,,Papua New Guinea,
Patpatar,,,Papua New Guinea,
Pauia,,,,
Pekawa,Indonesia,Sulawesi,,
Penan Apo P. NIBONG,,,,
Pinata,,,Papua New Guinea,
Pirimi,,,Papua New Guinea,
Piru,Indonesia,Indonesia,,
Pirupiru,,,Papua New Guinea,
Pitoni,,,Papua New Guinea,
Pnsiangan Murut,,,,
Poko,,,Papua New Guinea,
Poleo,,,Solomon Islands,
Pumani,,,Papua New Guinea,
Punan Gang P. NIBONG,Indonesia,Borneo,,
Punan Lusong,,,,
Pupitau,,,Papua New Guinea,
Putatan sd.,,,,
RAEPA TATI,,,Papua New Guinea,
RAGA,,,Vanuatu,
RAJAH,Philippines,Philippines,,raja1254
RAMPI,Indonesia,Sulawesi,,ramp1243
RAO,,,Papua New Guinea,
RAPA,,,,
RAPTING,,,Papua New Guinea,
RATAHAN,Indonesia,Sulawesi,,rata1244
RAUTO,,,Papua New Guinea,
RAWA,,,Papua New Guinea,rawa1267
RAWO,,,Papua New Guinea,
REJANG,Indonesia,Indonesia,,reja1240
REJANG KAYAN Dialects/Long Badan,,,,long1408
REJANG KAYAN Dialects/Long Geng,Indonesia,Borneo,,long1410
REJANG KAYAN Dialects/Long Kehobo,Indonesia,Borneo,,long1411
REJANG KAYAN Dialects/Long Murun,Indonesia,Borneo,,long1409
REJANG KAYAN Dialects/Ma'Aging,,,,maag1237
REJANG KAYAN Dialects/Uma Daro,Indonesia,Borneo,,umad1241
REJANG KAYAN Dialects/Uma Juman,,,,umaj1240
REMPI,,,Papua New Guinea,remp1241
RENGAO,Laos,Laos,,
RENNELLESE,,,Solomon Islands,
REPANBITIP,,,Vanuatu,
RERE[,,,Vanuatu,
RHADE,Laos,Laos,,rade1240
RIANTANA,Indonesia,Indonesia,,
RINCONADA BIKOL,Philippines,Philippines,,
RIRIO,,,Solomon Islands,riri1237
RIUNG,East Timor,East Timor,,
ROCKY PEAK,,,Papua New Guinea,
ROINDJI,,,Papua New Guinea,
ROMBLON,Philippines,Philippines,,romb1245
ROMBLON_Dispohol,Philippines,Philippines,,
ROMKUN,,,Papua New Guinea,
RON,Indonesia,,,roon1237
RORIA,,,,
ROTI,East Timor; Indonesia,East Timor,,
"ROTI,TIMCRESE,SAVU",Indonesia,Indonesia,,
ROTOKAS,,,Papua New Guinea,
ROTUMAN,,,,
ROVIANA,,,Solomon Islands,rovi1238
RUKAI_Rukai,Taiwan,Taiwan,,ruka1240
RUKAI_Three Villages,Taiwan,Taiwan,,
RUNGUS,,,,
Rai,Laos,Laos,,
Raluana,,,Papua New Guinea,
Rantepao,Indonesia,Sulawesi,,
Rawo,,,Solomon Islands,
Rebar,,,Papua New Guinea,
Remboken,Indonesia,Sulawesi,,
Rihu'a,,,Solomon Islands,
Rokunoi,,,Papua New Guinea,
Rungus p,,,,
Rungwayap,Indonesia,,,
S-E KOIARI,,,Papua New Guinea,
S. -E. BARITO,Indonesia,Borneo,,
S. BISAYA,,,,
S. ROGLAI,Laos,Laos,,sout3010
S.E.Kewa,,,Papua New Guinea,
S.Kewa(Pole),,,Papua New Guinea,
S.Mendi(S.Angal Heneng),,,Papua New Guinea,anga1294
S.W.TANNA,,,Vanuatu,sout2869
SA,,,Vanuatu,saaa1241
SA'BAN,,,,
SA'DAN Rongkong,Indonesia,Sulawesi,,
SAEK,Laos,Laos,,
SAEP,,,Papua New Guinea,saep1240
SAFEYOKA(AMPALE) Wojokeso,,,Papua New Guinea,
SAHU,Indonesia,Indonesia,,
SAIPAN,,,Northern Mariana Islands,
SAISIYAT_Northern,Taiwan,Taiwan,,
SAISIYAT_Southern,Taiwan,Taiwan,,
SAKAO,,,,saka1289
SAKI,,,Papua New Guinea,
SALEMAN,Indonesia,Indonesia,,
SALT-YUI,,,Papua New Guinea,
SALUAN,Indonesia,Sulawesi,,
SAMA CENTRAL,Philippines,Philippines,,
SAMA SIBUGUEY,Philippines,Philippines,,
SAMA SOUTH,Philippines,Philippines,,
SAMA WEST,Philippines,Philippines,,
SAMAR-LEYTE(L-complex?),Philippines,Philippines,,
SAMAROKENA,Indonesia,,,
SAMOAN,,,Samoa,samo1305
SAMOSA,,,Papua New Guinea,
SAMRE,Kampuchea,Kampuchea,,
SANGIR,Indonesia,Sulawesi,,
SANGKE,Indonesia,,,
SANIO,,,Papua New Guinea,
SAOCH,Kampuchea,Kampuchea,,saoc1239
SAPARUA,Indonesia,Indonesia,,
SAPUAN/SOK/CHENG,Laos,Laos,,
SARAM,,,Papua New Guinea,saka1292
SARANGANI MANOBO,Philippines,Philippines,,sara1327
SARUGA,,,Papua New Guinea,
SASAK/Central,Indonesia,Indonesia,,
SASAK/North,Indonesia,Indonesia,,
SASAK/North-Eastern,Indonesia,Indonesia,,
SASAK/South-Eastern,Indonesia,Indonesia,,
SASAWA,Indonesia,,,
SATAWALESE,,,,
SAU,,,Papua New Guinea,
SAURI?,Indonesia,,,
SAUSE,,,,
SAUSI,,,Papua New Guinea,
SAVOSAVO,,,,
SAVU,Indonesia,Indonesia,,sabu1255
SAVU/Liae,Indonesia,Indonesia,,liae1237
SAVU/Seba,Indonesia,Indonesia,,seba1248
SAVU/Timu,Indonesia,,,timu1261
SAWAI,Indonesia,Indonesia,,
SEAT,,,Papua New Guinea,
SEDANG,Laos,Laos,,seda1262
SEDOA,Indonesia,Sulawesi,,
SEGAI Bolongan,,,,
SEGET,Indonesia,,,
SEKE,,,Vanuatu,seke1241
SEKO,,,,seko1242
SELARU,Indonesia,Indonesia,,sela1259
SELUNGAI MURUT,,,,
SELWASA,Indonesia,Indonesia,,selu1242
SEMAI,Malaysia,Malaysia; Southern Malaysia,,sema1266
SEMAI/Betau,Malaysia,Malaysia,,beta1249
SEMAI/Bidor,Malaysia,Malaysia,,bido1238
SEMAI/Bil,Malaysia,Malaysia; Southern Malaysia,,bill1238
SEMAI/Cameron H. lands,Malaysia,Malaysia,,came1250
SEMAI/Jelai,Malaysia,Malaysia,,jela1244
SEMAI/Kampar,Malaysia,Malaysia,,uluk1256
SEMAI/Lipis,Malaysia,Malaysia,,lipi1238
SEMAI/Orang Tanjong of Langat,Malaysia,Malaysia,,oran1256
SEMAI/Perak I,Malaysia,Southern Malaysia,,pera1255
SEMAI/Sungkai,Malaysia,Malaysia,,sung1267
SEMAI/Telom,Malaysia,Malaysia,,telo1238
SEMAQ BERI,Malaysia,Malaysia,,sema1265
SEMAQ BERI/SEMELAI,Malaysia,Southern Malaysia,,
SEMBAKUNG,,,,
SEMELAI,Malaysia,Malaysia,,seme1246
SEMELAI/Biduanda of Chiong,Malaysia,Southern Malaysia,,
SEMELAI/Semaq Palong,Malaysia,Malaysia,,
SEMELAI/Semelai,Malaysia,Southern Malaysia,,seme1247
SEMELAI/Temoq,Malaysia,Malaysia,,temo1243
SEMIMI,Indonesia,,,semi1264
SEMPAN,Indonesia,,,
SENE,,,Papua New Guinea,sene1263
SENGGI,Indonesia,,,
SENTANI Central,Indonesia,,,
SEPA,,,Papua New Guinea,sepa1241
SEPEN,,,Papua New Guinea,
SERA,,,Papua New Guinea,sera1260
SERUDUNG,,,,
SETAMAN,,,Papua New Guinea,
SETI,Indonesia,Indonesia,,lian1255
SEWA BAY,,,Papua New Guinea,sewa1251
SHAN,Burma; Thailand,Thailand,,
SHARKBAY,,,,
SIAGHA-YENIMU,Indonesia,,,
SIALUM,,,Papua New Guinea,
SIBOMA,,,Papua New Guinea,
SIE,,,Vanuatu,siee1239
SIHAN,,,Papua New Guinea,
SIKAIANA,,,,
SIKKA/Central,East Timor,East Timor,,sara1324
SIKKA/South Coast,East Timor,East Timor,,sikk1243
SIKKA/Tana Ai,East Timor,East Timor,,tana1283
SILA,Laos,Laos,,
SILAKAU,Indonesia,Borneo,,
SILEIBI,,,Papua New Guinea,
SILISILI,,,Papua New Guinea,
SILOPI,,,Papua New Guinea,
SILPUT,,,Papua New Guinea,
SIMALUNGAN,Indonesia,Indonesia,,bata1288
SIMBARI,,,Papua New Guinea,
SIMBO,,,,simb1256
SIMEULUE/Eastern,Indonesia,Indonesia,,sime1241
SIMEULUE/Western,Indonesia,Indonesia,,sime1241
SIMOG,,,Papua New Guinea,
SINAGORO,,,Papua New Guinea,
SINASINA Tabare,,,Papua New Guinea,
SINGGIE,Indonesia,Borneo,,
SINSAURU,,,Papua New Guinea,
SIO,,,Papua New Guinea,sioo1240
SIRA,,,Papua New Guinea,siar1238
SIRAK,,,,
SIRASIRA,,,Papua New Guinea,
SIRAYAY_Siraya,Taiwan,Taiwan,,sira1267
SIRAYA_Lamai,Taiwan,Taiwan,,
SIRAYA_Makatao,Taiwan,Taiwan,,
SIRAYA_Taivoan,Taiwan,Taiwan,,
SIRIO,,,Papua New Guinea,
SIRKAI,Indonesia,,,
SIROI,,,Papua New Guinea,
SIROMI?,Indonesia,,,
SISSANO,,,Papua New Guinea,siss1243
SKOITUMAWO,Indonesia,,,nucl1634
SLTI,,,Papua New Guinea,
SO,Laos; Thailand,Laos; Thailand,,
SOBEI,Indonesia,,,sobe1238
SOLOS,,,Papua New Guinea,
SOM,,,Papua New Guinea,
SOMAHAI,Indonesia,,,
SOME,,,Papua New Guinea,
SOMRAY/CHONG,Laos,Laos,,somr1240
SONA(KANASI),,,Papua New Guinea,
SONGUM,,,Papua New Guinea,
SONIA,,,Papua New Guinea,
SONSOROLESE,,,,
SOUTH BUTON,Indonesia,Sulawesi,,
SOUTH FEATE,,,Vanuatu,sout3196
SOUTH KATI,Indonesia,,,
SOUTH MAKAMA,,,Papua New Guinea,
SOUTH MALAITAN,,,,
SOUTH NGALIK,Indonesia,,,
SOUTH NUK,,,Papua New Guinea,
SOUTH WEST BAY,,,Vanuatu,
SOUTH-EAST AMBRYM,,,Vanuatu,sout2859
SOUTH-West Group,Australia,Australia,,
SOUTHERN BISAYA,,,,
SOUTHERN KIWAI,,,,
SOUTHERN bAAGANDJI,Australia,Australia,,
SOWA,,,Vanuatu,
SRUK,,,Papua New Guinea,
STANDARD BIKOL,Philippines,Philippines,,
SUAU,,,Papua New Guinea,suau1242
SUBANUN,Philippines,Philippines,,
SUENA,,,Papua New Guinea,suen1241
SUKI,,,Papua New Guinea,
SUKURUM,,,Papua New Guinea,
SULKA,,,Papua New Guinea,
SUMAMBU - TAGAL Rundum Murut,,,,
SUMARIUI,,,Papua New Guinea,
SUMARIUR,,,Papua New Guinea,
SUMATRA MALAY,Indonesia; Malaysia,Indonesia; Malaysia,,
SUMATRA MALAY/Aji,Indonesia,Indonesia,,
SUMATRA MALAY/Bangka,Indonesia,,,bang1365
SUMATRA MALAY/Belide,Indonesia,Indonesia,,
SUMATRA MALAY/Belitung,Indonesia,,,
SUMATRA MALAY/Bengkulu,Indonesia,Indonesia,,beng1290
SUMATRA MALAY/Besemah,Indonesia,Indonesia,,
SUMATRA MALAY/Daya,Indonesia,Indonesia,,
SUMATRA MALAY/Enim,Indonesia,Indonesia,,enim1238
SUMATRA MALAY/Kayu Agung,Indonesia,Indonesia,,
SUMATRA MALAY/Kubu,Indonesia,,,kubu1239
SUMATRA MALAY/Lematang,Indonesia,Indonesia,,
SUMATRA MALAY/Lembak,Indonesia,Indonesia,,
SUMATRA MALAY/Lintang,Indonesia,Indonesia,,lint1237
SUMATRA MALAY/Musi,Indonesia,Indonesia,,musi1241
SUMATRA MALAY/Ogan,Indonesia,Indonesia,,ogan1237
SUMATRA MALAY/Palembang,Indonesia,Indonesia,,
SUMATRA MALAY/Penesak,Indonesia,Indonesia,,
SUMATRA MALAY/Ranau,Indonesia,Indonesia,,
SUMATRA MALAY/Rawas,Indonesia,Indonesia,,
SUMATRA MALAY/Riau,Indonesia,,,
SUMATRA MALAY/Semendo,Indonesia,Indonesia,,seme1248
SUMATRA MALAY/Serawai,Indonesia,Indonesia,,sera1272
SUMATRA MALAY/Sindang Kelingi,Indonesia,Indonesia,,
SUMAU,,,Papua New Guinea,
SUMBAWA,Indonesia,Indonesia,,sumb1241
SUNDANESE/Central-Eastern,Indonesia,Indonesia,,
SUNDANESE/North-Eastern,Indonesia,Indonesia,,
SUNDANESE/Northern,Indonesia,Indonesia,,sund1252
SUNDANESE/South-Eastern,Indonesia,Indonesia,,
SUNDANESE/Southern,Indonesia,Indonesia,,sund1252
SUNDANESE/Western,Indonesia,Indonesia,,sund1252
SUOY,Kampuchea,Kampuchea,,suoy1242
SURIGAONON,Philippines,Philippines,,
SURSURUNGA,,,Papua New Guinea,surs1246
SUWAWA,Indonesia,Sulawesi,,suwa1241
Sa'a,,,Solomon Islands,saaa1240
Safrontani,Indonesia,,,
Salalir,,,,
Salayar,Indonesia,Sulawesi,,sela1260
Salmeyt,Indonesia,,,
Samihim,Indonesia,Borneo,,
Sampantabil,,,Papua New Guinea,
Sangangalla,Indonesia,Sulawesi,,
Saparua,Indonesia,Indonesia,,
Sar. M.,,,,
Sarawak Malay,Indonesia,Borneo,,
Sariba,,,,sali1295
Sarikei,Indonesia,Borneo,,
Saroa,,,Papua New Guinea,
Sausu,Indonesia,Sulawesi,,
Sawitto,Indonesia,Sulawesi,,
Sawyat,Indonesia,,,
Sayfi,Indonesia,,,
Sebuyau sd.,Indonesia,Borneo,,
Seim,,,Papua New Guinea,
Seit-Kaitetu,Indonesia,Indonesia,,seit1239
Sengseng,,,Papua New Guinea,seng1281
Seoutan,,,,
Sepa,Indonesia,Indonesia,,sepa1242
Sepoe,,,Papua New Guinea,
Setiali,,,Papua New Guinea,
Sewar,Indonesia,,,
Sfaryere,Indonesia,,,
Siagha,Indonesia,,,
Sian,Indonesia,Borneo,,
Sibu,,,,sibu1258
Sidenreng,Indonesia,Sulawesi,,
Sigi,Indonesia,Sulawesi,,
Siligi,,,Papua New Guinea,
Sillanan Gandangbatu,Indonesia,Sulawesi,,
Simberi,,,,
Simiso,,,Papua New Guinea,
Simori,Indonesia,,,
Sinak,Indonesia,,,
Sinaki,,,Papua New Guinea,
Singorokai,,,Papua New Guinea,
Sisiame,,,Papua New Guinea,
Sohe,,,Papua New Guinea,
Sokeni,Indonesia,,,
Sokhok ?,,,Papua New Guinea,
Sokirik,,,Papua New Guinea,
Sopese,,,Papua New Guinea,
Soppeng,Indonesia,Sulawesi,,
South AIRO-SUMAGHAGHE,Indonesia,,,
South ARAPESH,,,Papua New Guinea,
South ASIENARA,Indonesia,,,
South Awin,,,Papua New Guinea,
South Boazi,,,,
South Central TIMBE,,,Papua New Guinea,
South DEDUA,,,Papua New Guinea,dedu1240
South Eastern TURU,,,,
South FORE,,,Papua New Guinea,
South IRAHUTU,Indonesia,,,
South KANUM,,,,
South KAUGAT,Indonesia,,,
South KOMBIO,,,Papua New Guinea,
South LOLODA,Indonesia,Indonesia,,
South MANSAP buna,,,Papua New Guinea,
South MIGABAC,,,Papua New Guinea,miga1241
South MODOLE,Indonesia,Indonesia,,
South MONI,Indonesia,,,
South Mianmin,,,Papua New Guinea,
South SAWUY,Indonesia,,,
South SELEPET,,,Papua New Guinea,sele1250
South URAT,,,Papua New Guinea,
South YELMEK,Indonesia,,,
South YEY,Indonesia,,,
South-West Group,Australia,Australia,,
South-Wester Family,Laos,Laos,,
South-Western Family,Laos,Laos,,
South-eastern  SOUTHERN TASMANIAN,Australia,Australia,,
Southeastern IRAHUTU,Indonesia,,,
Southern ALUNE,Indonesia,Indonesia,,
Southern Awa,,,Papua New Guinea,
Southern GIDRA,,,Papua New Guinea,
Southern GIMAN,Indonesia,Indonesia,,
Southern KUNIMAIPA,,,Papua New Guinea,
Southern KWERBA,Indonesia,,,
Southern MOUNTAIN KOIARI,,,Papua New Guinea,
Southern TAIRORA,,,Papua New Guinea,sout2943
Southern TIGAK,,,Papua New Guinea,sout2871
Southern TURU,,,,
Suasiu,,,,
Sugut Kao'azan,,,,
Sui,,,Papua New Guinea,
Sulawesi,Indonesia,Indonesia,,
Suluk,,,,taus1251
Suri,,,Papua New Guinea,
Swart Valley,Indonesia,,,swar1236
T,Burma; Thailand,Thailand,,
TACRI SO,,,,
TADYAWAN,Philippines,Philippines,,tady1237
TAGABAWA,Philippines,Philippines,,taga1272
TAGAKAULU,Philippines,Philippines,,taga1268
TAGALOG,Philippines,Philippines,,
TAHITIAN,,,,tahi1242
TAHOI,Laos,Laos,,uppe1406
TAI LOI,Laos,Laos,,nucl1289
TAIKAT,Indonesia,,,taik1255
TAIRAP,Indonesia,,,
TAKIA,,,Papua New Guinea,taki1248
TAKUA,Laos,Laos,,taku1254
TAKUU,,,,taku1257
TAMBANUA,,,,tomb1244
TAMBOTALO,,,,tamb1253
TAMPUAN,Laos,Laos,,tamp1251
TANAH MERAH,Indonesia,,,tana1288
TANDIA,Indonesia,,,tand1253
TANGLAPUI,East Timor,East Timor,,sawi1256
TANGOA,,,,tang1347
TANGU,,,Papua New Guinea,tang1355
TANGUAT,,,Papua New Guinea,tang1356
TANI,,,Papua New Guinea,
TANJONG,,,,kano1244
TAO-SUAMATO,,,Papua New Guinea,
TAOGWE,,,,kwer1264
TAOKAS,Taiwan,Taiwan,,taok1237
TAORI-KEI,,,,
TARENG,Laos,Laos,,
TAROF,Indonesia,,,taro1259
TARPIA,Indonesia,,,tarp1240
TARUNGGARE,Indonesia,,,tung1293
TASMATE,,,,tasm1246
TATANA,,,,tata1257
TATMUL Palimber,,,Papua New Guinea,
TAUADE,,,Papua New Guinea,taua1242
TAULIL,,,Papua New Guinea,taul1251
TAUNA,,,Papua New Guinea,taun1251
TAUPOTA,,,Papua New Guinea,taup1242
TAUSUG,Philippines,Philippines,,taus1251
TAUYA,,,Papua New Guinea,tauy1241
TAWORTA,,,,tawo1244
TAY,Vietnam,Vietnam,,
TBOLI,Philippines,Philippines,,tbol1240
TEBILUNG,,,,tobi1239
TELEFOL,,,Papua New Guinea,tele1256
TEMIAR,Malaysia,Malaysia,,temi1246
TEMIAR/Northern,Malaysia,Malaysia,,temi1246
TEMIAR/Southern,Malaysia,North-Western Malaysia,,temi1246
TEOP,,,Papua New Guinea,teop1238
TERI,,,Papua New Guinea,
TERNATE,,,,tern1247
TETUN,East Timor,East Timor,,tetu1245
TETUN/Eastern Tetun,East Timor,East Timor,,east2473
TETUN/N,East Timor,East Timor,,nort2869
TETUN/Soibada,East Timor,East Timor,,east2473
TETUN/Western Tetun,East Timor,East Timor,,tetu1245
TEUN,Indonesia,,,teun1241
TEWA,East Timor,East Timor,,
THAI,Thailand,Thailand,,
THAI DAM(LAO SONG),Laos,Laos,,
THAI KHAW,Laos/Vietnam; Vietnam,Vietnam,,
THAI-MALAY,Malaysia,Malaysia,,
THAO,Taiwan,Taiwan,,thao1240
THAVUNG,Laos,Laos,,aheu1239
THAWA,Australia,Australia,,thaw1238
TIANG,,,Papua New Guinea,tian1237
TIDONG,Indonesia,Indonesia,,
TIDORE,Indonesia,Indonesia,,tido1248
TIFAL,,,Papua New Guinea,tifa1245
TIGAK Island,,,,isla1272
TIGWA MANOBO,Philippines,Philippines,,
TIKOPIA,,,,tiko1237
"TIMORESE/Amabi,Fatulau,Amfoan",East Timor,East Timor,,amfo1237
TIMORESE/Amanuban-Amanatun,East Timor,East Timor,,aman1264
TIMORESE/Ambenu(Vaikenu),East Timor,East Timor,,
TIMORESE/Biboki-Insana,East Timor,East Timor,,bibo1238
TIMORESE/Kusa-Manlea,East Timor,East Timor,,kusa1252
TIMORESE/Mollo-Miomafo,East Timor,East Timor,,moll1242
TIMORESE/ROTINESE,East Timor,East Timor,,
TIMPUTZ,,,Papua New Guinea,tinp1237
TINA SAMBAL,Philippines,Philippines,,tina1248
TIRI,,,New Caledonia,tiri1258
TIRIO,,,Papua New Guinea,
TIRURAY,Philippines,Philippines,,tiru1241
TOBA,Indonesia,Indonesia,,toba1265
TOBARU,Indonesia,Indonesia,,
TOBELO,Indonesia,Indonesia,,
TOBELO Boeng,Indonesia,Indonesia,,
TOBELO T,Indonesia,Indonesia,,
TOBLLO,Indonesia,Indonesia,,
TOBO,,,Papua New Guinea,
TODRAH,Laos,Laos,,
TOFAMNA,Indonesia,,,
TOKELAU,,,,toke1240
TOLA,,,Papua New Guinea,
TOLITOLI,Indonesia,Sulawesi,,toto1304
TOLOMAKO,,,,tolo1255
TOMU,,,Papua New Guinea,
TONDA,,,Papua New Guinea,
TONDANO,Indonesia,Sulawesi,,tond1251
TONGA',Thailand,Thailand,,tong1308
TONGAN,,,,tong1325
TONGAREVA(PENRHYN),,,,
TONSEA,Indonesia,Sulawesi,,tons1240
TONTEM BOAN,Indonesia,Sulawesi,,
TORAU,,,Papua New Guinea,
TOWEI,Indonesia,,,
TRI,Laos,Laos,,
TRUKESE,,,,
TSOU_Duhtu,Taiwan,Taiwan,,
TSOU_KANAKANABU,Taiwan,Taiwan,,
TSOU_SAAROA,Taiwan,Taiwan,,
TSOU_Tapangu,Taiwan,Taiwan,,
TSOU_Tfuea,Taiwan,Taiwan,,
TUKUDEDE/Keha,East Timor,East Timor,,
TUM,Laos,Laos,,
TUMLEO,,,Papua New Guinea,tuml1238
TUMUIP,,,Papua New Guinea,tomo1244
TUNJUNG,Indonesia,Borneo,,
TURAKA,,,Papua New Guinea,
TUTONG,,,,
TUTUBA,,,,tutu1241
TUVALU,,,Tuvalu,tuva1244
TUWARI,,,Papua New Guinea,
Tabar,,,,
Taboro,,,Papua New Guinea,
Tabu,,,Papua New Guinea,
Tabun sd.,,,,
Tais,,,Papua New Guinea,
Tala River,Indonesia,Indonesia,,
Talai,Indonesia,Indonesia,,
Talise,,,Solomon Islands,tali1259
Taman,,,,
Tamario,Indonesia,,,
Tamboki,Indonesia,Sulawesi,,
Tandai,,,Solomon Islands,
Tangga,,,,
Tanime,Indonesia,,,
Tarya,Indonesia,,,
Tasmanian,Australia,Australia,,
Tatau,,,,
Tati,,,Papua New Guinea,
Tatungaiung,Australia,Australia,,
Tau,,,Papua New Guinea,
Tebera,,,Papua New Guinea,
Tehijit,Indonesia,,,
Teli,Indonesia,,,
Teluti,Indonesia,Indonesia,,telu1263
Temate,Indonesia,Indonesia,,
Tempasuk,,,,
Temuan,Malaysia,Malaysia,,
Tengara,,,,
Termate,Indonesia,Indonesia,,
Thana-wurung,Australia,Australia,,
Tialo,Indonesia,Sulawesi,,
Tigi,Indonesia,,,
Timingir,,,Papua New Guinea,
Tinombo,Indonesia,Sulawesi,,
Tiwian Family-Level Isolate,Australia,Australia,,
To Rete,Indonesia,Sulawesi,,
To'abaita,,,Solomon Islands,toab1237
Tobelo,Indonesia,Indonesia,,
Tolo,,,Solomon Islands,
Tomani Sumambu,,,,
Tomohon,Indonesia,Sulawesi,,
Torricelli Phylum,,,Papua New Guinea,
Totore,,,Papua New Guinea,
Trabedesare,,,Papua New Guinea,
Trams-New Guinea Phylum,,,Papua New Guinea,
Trusan,,,,
Tsumin,,,Papua New Guinea,
Tublamo,,,Papua New Guinea,
Tuf,Indonesia,,,
Tugutil,Indonesia,Indonesia,,
Tulambatu,Indonesia,Sulawesi,,
Tupu,Indonesia,Sulawesi,,
Turatea,Indonesia,Sulawesi,,
UARIPI,,,Papua New Guinea,
UBIR,,,Papua New Guinea,ubir1237
UFIM,,,Papua New Guinea,ufim1240
UGHELE,,,Solomon Islands,ughe1237
UGONG,Thailand,Thailand,,
UHUNDUNI,Indonesia,,,
UKURIGUMA,,,Papua New Guinea,
ULAU-SUAIN,,,Papua New Guinea,ulau1237
ULINGAN,,,Papua New Guinea,
ULITHIAN,,,,
UMIREY DUMAGAT,Philippines,Philippines,,
UNANK,,,Papua New Guinea,
UNINO,,,Papua New Guinea,
UNUA,,,Vanuatu,
UPPER DIGUL R,Indonesia,,,
UPPER KAEME R?,Indonesia,,,
UPPER KINABATANGAN p.,,,,
UPPER MOREHEAD(ROUKU),,,Papua New Guinea,
URA,,,Vanuatu,urav1235
URIA,Indonesia,,,
URIANKERE,Indonesia,Indonesia,,
URIGINA,,,Papua New Guinea,
URIM,,,Papua New Guinea,
URIMO,,,Papua New Guinea,
URIPIV-WALA-RANO,,,Vanuatu,
URUANGNIRIN,Indonesia,,,
USARUFA,,,Papua New Guinea,
USKU,,,,
USU,,,,
UTU,,,Papua New Guinea,
UVOL,,,Papua New Guinea,
Uahita,,,Papua New Guinea,
Ubae,,,Papua New Guinea,
Uder,,,Papua New Guinea,
Ufia,,,Papua New Guinea,
Ugana,,,Papua New Guinea,
Ulawa,,,,
Ulu,Malaysia,Malaysia,,
Ulu Ai',,,,
Uma Bakah W.K.,Indonesia,Borneo,,umal1239
Uma Bem,,,,
Uma Jalam,,,,
Uma Tau,,,,
Uma Titai WAHAU K.,,,,
Umairof,,,Papua New Guinea,
Umwate,,,Papua New Guinea,
Ungarinjin Guwidj Wilawila Wolyamidi,Australia,Australia,,
Unggumi  Worord,Australia,Australia,,
Upper Limbang Adang sd.,,,,
Upper Limbang Ba Kelalan sd.,,,,
Upper Mori,Indonesia,Sulawesi,,
Upper Ugu,,,Papua New Guinea,
Upper Wania,Indonesia,,,
Urarna,,,Papua New Guinea,
Urita,,,Papua New Guinea,
Usen,,,Papua New Guinea,
Utam,,,,
Uwimmerah Digul,Indonesia,,,
VAGHUA,,,Solomon Islands,vagh1249
VAIMAN,,,Papua New Guinea,
VALPEI,,,,valp1237
VANGUNU,,,Solomon Islands,vang1243
VANGUNU Mbareke,,,Solomon Islands,
VAO,,,Vanuatu,
VATRATA,,,Vanuatu,
VEHES,,,Papua New Guinea,
VIET,Laos,Laos,,
VIET/South,Kampuchea,Kampuchea,,
VINMAVIS,,,Vanuatu,
VORI,,,Papua New Guinea,
VOVO,,,Vanuatu,
VUNAPU,,,,vuna1239
Vamale,,,New Caledonia,vama1243
Varisi,,,Solomon Islands,vari1239
Vele,,,Papua New Guinea,
Vora,,,Papua New Guinea,
W-Coast,Indonesia,,,
W-Coast MARIND,Indonesia,,,
W.C. Central,,,Papua New Guinea,
W.K. L. Bangan,,,,
W.KENYAH Kemena Penan,,,,
W.Kewa,,,Papua New Guinea,
W.Mendi Heneng Nipa,,,Papua New Guinea,anga1292
W.lpili,,,Papua New Guinea,ipil1240
WA,Burma,,,
WAANYI,Australia,Australia,,
WAB,,,Papua New Guinea,wabb1237
WABUDA,,,Papua New Guinea,
WADAGINAM,,,Papua New Guinea,
WADIGALI,Australia,Australia,,
WAFFA,,,Papua New Guinea,
WAFOPEN,Indonesia,,,waro1242
WAGAWAGA,,,Papua New Guinea,waga1268
WAGAYA,Australia,Australia,,
WAGIMAN,Australia,Australia,,
WAHAU KY,,,,
WAIA,,,Papua New Guinea,
WAIBUK Arama,,,Papua New Guinea,
WAILAPA,,,,
WAIMA'A,East Timor,East Timor,,waim1252
WAINA,,,Papua New Guinea,
WALIO,,,Papua New Guinea,
WAMAS,,,Papua New Guinea,
WAMBAYA,Australia,Australia,,
WAMBON,Indonesia,,,
WAMPAR,,,Papua New Guinea,
WAMPUR,,,Papua New Guinea,
WANAMBRE,,,Papua New Guinea,
WANDAMEN,Indonesia,,,wand1267
WANGGOM,Indonesia,,,
WANGKAJUNGKA,Australia,Australia,,
WANO,Indonesia,,,
WANOABONG,,,Papua New Guinea,
WANTOAT Central,,,Papua New Guinea,want1252
WANUKAKA/Rua,Indonesia,Indonesia,,
WANUKAKA/Wanukaka,Indonesia,Indonesia,,wanu1241
WANUMA,,,Papua New Guinea,
WANYUBARLGU,Australia,Australia,,
WANYURR,Australia,Australia,,
WAPI,,,Papua New Guinea,
WARAPU,,,Papua New Guinea,
WARENBORI,Indonesia,,,ware1253
WARES ?,Indonesia,,,
WARIS,,,Papua New Guinea,
WARKAY,Indonesia,,,
WARLMANPA,Australia,Australia,,
WAROPEN,Indonesia,,,
WAROPEN Napan ?,Indonesia,,,
WARUMUNGU,Australia,Australia,,waru1265
WARWA,Australia,Australia,,
WASEMBO,,,Papua New Guinea,wase1252
WASI,,,Papua New Guinea,
WASKIA,,,Papua New Guinea,wask1241
WATAKATAUT,,,Papua New Guinea,
WATALUMA,,,Papua New Guinea,
WATHAWURUNG,Australia,Australia,,wath1238
WEDA,Indonesia,Indonesia,,
WEDAU,,,Papua New Guinea,weda1241
WELLKI,,,Papua New Guinea,
WEMALE,Indonesia,Indonesia,,
WERETAI,,,,wari1264
WERI Biaru-Waria,,,Papua New Guinea,
WEST BANTON_Looc-Alcantara,Philippines,Philippines,,
WEST BUKIDNON MANOBO,Philippines,Philippines,,
WEST LOU,,,Papua New Guinea,
WEST NET,,,Papua New Guinea,
WEST URII,,,Papua New Guinea,urii1240
WESTERN BANI Yamo,Indonesia,,,west2594
WESTERN FIJIAN,,,Fiji,
WETAMUT,,,Vanuatu,weta1242
WETAR/Hahutan,East Timor,East Timor,,
WETAR/Limera,East Timor,East Timor,,
WETAR/Tutunohan,East Timor,East Timor,,
WETAR/Welemur,East Timor,East Timor,,
WEYEWA/Lauli,Indonesia,Indonesia,,
WEYEWA/Laura,Indonesia,Indonesia,,
WEYEWA/Tana Righu,Indonesia,Indonesia,,
WEYEWA/Weyewa,Indonesia,Indonesia,,weje1237
WHITESANDS,,,Vanuatu,whit1269
WIAK,,,Papua New Guinea,
WILYAGALI,Australia,Australia,,
WIRADHURI,Australia,Australia,,wira1262
WIRU,,,Papua New Guinea,
WODANI,Indonesia,,,wola1243
WOGAMUSIN,,,Papua New Guinea,woga1249
WOGEO,,,,woge1237
WOISIKA,East Timor,East Timor,,
WOLEAIAN,,,,wole1240
WOLIO,Indonesia,Sulawesi,,
WOM,,,,
WOROPEN Napan,Indonesia,,,
WOTU,Indonesia,Sulawesi,,
WULI WULI,Australia,Australia,,wuli1242
WUSI,,,,wusi1237
WUTUNG,,,Papua New Guinea,wutu1244
Waamwang(extinct),,,New Caledonia,waam1236
Wagaya-Warluwaric Group,Australia,Australia,,
Wai,Indonesia,Indonesia,,
Waiamli,Indonesia,Indonesia,,
Wajo,Indonesia,Sulawesi,,
Waka-Kabic Group,Australia,Australia,,
Wakue,,,Papua New Guinea,
Wala MENDI,,,Papua New Guinea,anga1314
Walgalu,Australia,Australia,,
Wambon,Indonesia,,,wamb1259
Wamora,,,Papua New Guinea,wamo1241
Wana,,,Papua New Guinea,
Wania  KAMORO,Indonesia,,,
Wanigela,,,Papua New Guinea,wani1242
Wanji,Indonesia,Sulawesi,,
Wapon,,,Papua New Guinea,
Wapu,,,Papua New Guinea,wapu1240
Waraga,,,Papua New Guinea,wara1301
Warayan Family-Level Isolate,Australia,Australia,,
Warrim,Australia,Australia,,wori1245
Waru,,,,
Wased,,,Papua New Guinea,
Wat BERIK,Indonesia,,,
Watom,,,,wato1237
Watu,Indonesia,Sulawesi,,
Wemp,,,Papua New Guinea,
West,,,Papua New Guinea,
West Bird's Head Stock Level Family,Indonesia,,,west1493
West Central,,,Papua New Guinea,
West Central Family,,,Papua New Guinea,
West GIMI,,,Papua New Guinea,west2597
West KOI,,,Papua New Guinea,
West KOIARI,,,Papua New Guinea,
West Makian,,,,west2600
West SENTANI,Indonesia,,,west2602
West YAMBES,,,Papua New Guinea,west2577
Western  SOUTHERN TASMANIAN,Australia,Australia,,sout3391
Western & Central  PAWAIA,,,Papua New Guinea,pawa1255
Western BINE,,,Papua New Guinea,bine1240
Western BITARA,,,Papua New Guinea,bita1253
Western Coastal Malay,Indonesia,Borneo,,
Western GIZRA,,,Papua New Guinea,west2584
Western IRIA,Indonesia,,,
Western KAMORO,Indonesia,,,kamo1255
Western KARA,,,Papua New Guinea,kara1486
Western MOUNTAIN KOIARI,,,Papua New Guinea,moun1252
Western RORO,,,Papua New Guinea,roro1238
Western SABERI(ISIRAWA),Indonesia,,,west1399
Western TANAHMERAH,Indonesia,,,tana1288
Western TIGAK,,,Papua New Guinea,west2525
Western TURU,,,,turu1251
Westorn Coastal,,,Papua New Guinea,
Wideman R ?,Indonesia,,,
Wiga,,,Papua New Guinea,wiga1237
Wingei,,,Papua New Guinea,wing1239
Wiradhuric Group,Australia,Australia,,wira1261
Wiwi Rano,,,,wiwi1237
Wodo,Indonesia,,,wala1269
Wosera ABELAM,,,Papua New Guinea,ambu1247
Wowoni,Indonesia,Sulawesi,,wawo1239
Wunambal Gambera Miwa,Australia,Australia,,wuna1249
XARACUU,,,New Caledonia,xara1244
XARAGURE,,,New Caledonia,xara1243
XARUA,,,Papua New Guinea,haru1243
XINH MUL,Laos,Laos,,puoc1238
YABEN,,,Papua New Guinea,yabe1255
YABIM,,,Papua New Guinea,yabe1254
YABIO,,,Papua New Guinea,yawi1238
YABONG,,,Papua New Guinea,yabo1240
YABULA YABULA,Australia,Australia,,yabu1234
YAFI,Indonesia,,,yafi1240
YAGARA,Australia,Australia,,yaga1262
YAGAWAK,,,Papua New Guinea,
YAGOMI,,,Papua New Guinea,
YAGWOIA,,,Papua New Guinea,
YAKAN,Philippines,Philippines,,
YAKNGE,,,Papua New Guinea,buru1306
YALARNNGIC,Australia,Australia,,yala1262
YALAYU,,,,yala1265
YALU,,,Papua New Guinea,
YAMALELE,,,Papua New Guinea,iama1237
YAMAP,,,Papua New Guinea,yama1260
YAMDENA//Southern,Indonesia,Indonesia,,yamd1240
YAMDENA/Northern,Indonesia,,,
YAMI,Taiwan,Taiwan,,yami1254
YANANG,,,Papua New Guinea,
YANDA,Australia,Australia,,yand1251
YANGULAM,,,Papua New Guinea,
YANIMO,,,Papua New Guinea,
YANINGARA,,,,
YANYUWA,Australia,Australia,YANYUWA,yany1243
YAO,China; Laos; Thailand; Vietnam,China; Laos; Thailand; Vietnam,,
YAO/MEO,Laos,Laos,,
YAPESE,,,,yape1248
YAPUNDA,,,Papua New Guinea,yapu1240
YARADIAN,Indonesia,,,
YARAWATA,,,Papua New Guinea,yara1250
YARLUYANDI,Australia,Australia,,yarl1238
YATE Keiayana,,,Papua New Guinea,keya1238
YAU,,,Papua New Guinea,yaum1237
YAUL,,,Papua New Guinea,maru1253
YAUR,Indonesia,,,yaur1239
YAVA,Indonesia,,,
YAWIYUHA,,,Papua New Guinea,yawe1241
YAWURU,Australia,Australia,,yawu1244
YAYGIR,Australia,Australia,,yayg1236
YEGA(Yega),,,Papua New Guinea,yega1243
YEKORA,,,Papua New Guinea,yeko1240
YERAKAI,,,Papua New Guinea,yera1243
YEREBA,,,Papua New Guinea,yare1248
YERETUAR,Indonesia,,,yere1243
YIDINY,Australia,Australia,,yidi1250
YIMAS,,,Papua New Guinea,yima1243
YIR,Laos,Laos,,
YIRANDHALI,Australia,Australia,,yira1239
YIS,,,Papua New Guinea,yiss1240
YITHA-YITHA,Australia,Australia,,yith1234
YOBA,,,Papua New Guinea,yoba1237
YOIDIK,,,Papua New Guinea,yoid1240
YONGGOM,,,Papua New Gu,yong1280
YOTA YOTA,Australia,Australia,,yort1237
YOTAFA,Indonesia,,,toba1266
YU,,,Papua New Guinea,
YUAGA,,,New Caledonia,yuag1237
YUGUL,Australia,Australia,,yugu1250
YUGULDA,Australia,Australia,,gang1267
YURI,,,Papua New Guinea,yuri1250
YURUWINGA,Australia,Australia,,ayer1246
Yalayu,,,New Caledonia,yala1265
Yandapo,,,Papua New Guinea,yand1259
Yangmanic Group,Australia,Australia,,yang1287
Yangoru A,,,Papua New Guinea,
Yangoru B,,,Papua New Guinea,
Yangoru C,,,Papua New Guinea,
Yangoru D,,,Papua New Guinea,
Yangoru E,,,Papua New Guinea,
Yanite,,,Papua New Guinea,
Yareban Family,,,Papua New Guinea,yare1250
Yarus,,,Papua New Guinea,
Yate,,,Papua New Guinea,inok1238
Yatfle,Indonesia,,,
Yayoponjo,,,Papua New Guinea,
Yibab,,,Papua New Guinea,kama1367
Yidinyic Group,Australia,Australia,,yidi1249
Yiwaidjan Family,Australia,Australia,,iwai1246
Yoliapi,,,,hewa1241
Yotayotic Group,Australia,Australia,,yort1237
Yubanakor,,,Papua New Guinea,
Yuin-Kuric Group,Australia,Australia,,yuin1243
Yuri,,,Papua New Guinea,yuri1250
ZAZAO,,,Solomon Islands,zaza1245
ZIA,,,Papua New Guinea,ziaa1250
Zenag,,,Papua New Guinea,zena1237
Ziew,,,Papua New Guinea,
Zomakani,,,Papua New Guinea,
Zuwadze,,,Papua New Guinea,
baiba,,,Papua New Guinea,
lkolu,,,Papua New Guinea,
mARALANGO,,,Papua New Guinea,mara1402
mumeng Yanta,,,Papua New Guinea,yant1237
