ID,Name,Country,Sovereigns,Islands
1,BE,China,China,
3,CHINESE,China,China,
16,LARDIL,China,China,
22,LI,China,China,
24,CHAM,China,China,
25,YAO,China,China,
30,CHINESE,Taiwan,Taiwan,
31,BASAY?_Linaw-Qauqaul,Taiwan,Taiwan,
32,BASAY_Trobiawan,Taiwan,Taiwan,
33,KAVALAN,Taiwan,Taiwan,
34,BASAY,Taiwan,Taiwan,
35,AMI_Central,Taiwan,Taiwan,
36,AMI_Tayalong-Vataan,Taiwan,Taiwan,
37,AMI_Northern,Taiwan,Taiwan,
38,AMI_Sakizaya,Taiwan,Taiwan,
39,THAO,Taiwan,Taiwan,
40,BUNUN_Northern,Taiwan,Taiwan,
41,ATAYAL_Ts'ole',Taiwan,Taiwan,
42,ATAYAL_SEDEQ,Taiwan,Taiwan,
44,ATAYAL_Ts'ole' and Sqoleq,Taiwan,Taiwan,
47,SAISIYAT_Southern,Taiwan,Taiwan,
48,SAISIYAT_Northern,Taiwan,Taiwan,
49,PAPORA,Taiwan,Taiwan,
50,HOANYA,Taiwan,Taiwan,
51,BUNUN_Takopulan,Taiwan,Taiwan,
52,AMI_Southern,Taiwan,Taiwan,
53,TSOU_Duhtu,Taiwan,Taiwan,
54,TSOU_Tfuea,Taiwan,Taiwan,
55,TSOU_Tapangu,Taiwan,Taiwan,
57,ATAYAL,Taiwan,Taiwan,
59,?,Taiwan,Taiwan,
60,KETANGALAN,Taiwan,Taiwan,
61,KULUN,Taiwan,Taiwan,
62,TAOKAS,Taiwan,Taiwan,
63,BABUZA,Taiwan,Taiwan,
64,PAZEH,Taiwan,Taiwan,
65,SIRAYA_Taivoan,Taiwan,Taiwan,
66,SIRAYAY_Siraya,Taiwan,Taiwan,
67,RUKAI_Rukai,Taiwan,Taiwan,
68,RUKAI_Three Villages,Taiwan,Taiwan,
69,BUNUN_Central,Taiwan,Taiwan,
70,BUNUN_Southern,Taiwan,Taiwan,
73,PUYUMA_Nanwang,Taiwan,Taiwan,
74,PUYUMA,Taiwan,Taiwan,
77,PAIWAN,Taiwan,Taiwan,
78,TAGALOG,Philippines,Philippines,
80,KAPAMPANGAN,Philippines,Philippines,
81,TINA SAMBAL,Philippines,Philippines,
82,PANGASINAN,Philippines,Philippines,
83,ILONGOT,Philippines,Philippines,
84,KASIGURANIN,Philippines,Philippines,
85,CASIGURAN DUMAGAT,Philippines,Philippines,
86,AGTA,Philippines,Philippines,
88,ISNAG,Philippines,Philippines,
89,ADASEN,Philippines,Philippines,
90,MALAWEG,Philippines,Philippines,
91,GADDANG,Philippines,Philippines,
92,ITNEG,Philippines,Philippines,
94,KALINGA,Philippines,Philippines,
95,KANKANAEY_South,Philippines,Philippines,
96,IFUGAO,Philippines,Philippines,
97,GA-DANG,Philippines,Philippines,
98,BONTOK,Philippines,Philippines,
99,BALANGAW,Philippines,Philippines,
100,KARAW,Philippines,Philippines,
101,KALLAHAN,Philippines,Philippines,
102,INIBALOI,Philippines,Philippines,
104,ISINAI,Philippines,Philippines,
106,IBANAG,Philippines,Philippines,
107,ITAWIS,Philippines,Philippines,
108,KANKANAEY_North,Philippines,Philippines,
109,ILOKANO,Philippines,Philippines,
110,BOTOLAN,Philippines,Philippines,
112,STANDARD BIKOL,Philippines,Philippines,
114,NORTHERN CATANDUANES BIKOL,Philippines,Philippines,
115,KAMAYO,Philippines,Philippines,
116,RAJAH,Philippines,Philippines,
117,DAVAWENO1,Philippines,Philippines,
118,SARANGANI MANOBO,Philippines,Philippines,
119,MANDAYA,Philippines,Philippines,
120,BLAAN,Philippines,Philippines,
121,TAGAKAULU,Philippines,Philippines,
124,TBOLI,Philippines,Philippines,
125,COTABATO MANOBO,Philippines,Philippines,
127,CHAVACANO,Philippines,Philippines,
128,KALAGAN,Philippines,Philippines,
130,KALIBUGAN,Philippines,Philippines,
131,SUBANUN,Philippines,Philippines,
132,MARANAO,Philippines,Philippines,
134,TAGABAWA,Philippines,Philippines,
135,BAGOBO,Philippines,Philippines,
138,HILIGAYNON(ILONGGO),Philippines,Philippines,
139,CEBUANO,Philippines,Philippines,
140,MAGINDANAO,Philippines,Philippines,
141,ILANUN,Philippines,Philippines,
143,OBO MANOBO,Philippines,Philippines,
144,ILIANEN MANOBO,Philippines,Philippines,
145,BUTUANON,Philippines,Philippines,
146,MAMANWA,Philippines,Philippines,
147,BINUKID,Philippines,Philippines,
149,AGUSAN MANOBO,Philippines,Philippines,
154,ATA MANOBO,Philippines,Philippines,
155,DIBABAWON,Philippines,Philippines,
156,TIGWA MANOBO,Philippines,Philippines,
157,SAMAR-LEYTE(L-complex?),Philippines,Philippines,
164,BANTON_Dispohol,Philippines,Philippines,
165,ROMBLON_Dispohol,Philippines,Philippines,
166,IRAYA,Philippines,Philippines,
168,HANUNOO,Philippines,Philippines,
169,Bulalakao,Philippines,Philippines,
170,TADYAWAN,Philippines,Philippines,
171,BUHID,Philippines,Philippines,
172,BATANGAN,Philippines,Philippines,
173,ALANGAN,Philippines,Philippines,
174,HILIGAYNON,Philippines,Philippines,
175,AKLANON,Philippines,Philippines,
176,ROMBLON,Philippines,Philippines,
178,TSOU_SAAROA,Taiwan,Taiwan,
179,TSOU_KANAKANABU,Taiwan,Taiwan,
180,SIRAYA_Makatao,Taiwan,Taiwan,
181,SIRAYA_Lamai,Taiwan,Taiwan,
183,YAMI,Taiwan,Taiwan,
186,TIRURAY,Philippines,Philippines,
187,YAKAN,Philippines,Philippines,
188,SAMA SIBUGUEY,Philippines,Philippines,
190,KINAMIGIN,Philippines,Philippines,
191,SURIGAONON,Philippines,Philippines,
201,RINCONADA BIKOL,Philippines,Philippines,
205,KALAMIANON,Philippines,Philippines,
211,WEST BUKIDNON MANOBO,Philippines,Philippines,
214,WEST BANTON_Looc-Alcantara,Philippines,Philippines,
216,ATTA,Philippines,Philippines,
218,PARANAN,Philippines,Philippines,
219,EAST CAGAYAN NEGRITO,Philippines,Philippines,
220,UMIREY DUMAGAT,Philippines,Philippines,
226,MASBATENO,Philippines,Philippines,
230,ALBAY BIKOL,Philippines,Philippines,
232,BOLINAO,Philippines,Philippines,
233,BABUYAN,Philippines,Philippines,
237,TAUSUG,Philippines,Philippines,
238,SAMA SOUTH,Philippines,Philippines,
239,SAMA CENTRAL,Philippines,Philippines,
242,SAMA WEST,Philippines,Philippines,
244,MOLBOG,Philippines,Philippines,
246,PALAWENO,Philippines,Philippines,
247,ABORLAN-TAGBANWA,Philippines,Philippines,
249,BATAK,Philippines,Philippines,
251,MON,Laos,Laos,
254,MEO,Thailand,Thailand,
255,East Coast Bajau,Laos,Laos,
259,KHMER,Laos,Laos,
261,VIET,Laos,Laos,
263,SO,Laos,Laos,
264,ALAK,Laos,Laos,
265,NGUON,Laos,Laos,
266,SAEK,Laos,Laos,
267,TUM,Laos,Laos,
269,KUY,Laos,Laos,
273,PHU YAI,Laos,Laos,
274,TAMPUAN,Laos,Laos,
277,KUY,Thailand,Thailand,
278,KUY,Kampuchea,Kampuchea,
279,CHAM,Laos,Laos,
282,MNONG,Laos,Laos,
292,PEAR,Laos,Laos,
293,SAMRE,Kampuchea,Kampuchea,
294,CHAM,Kampuchea,Kampuchea,
298,CHONG,Laos,Laos,
299,SOMRAY/CHONG,Laos,Laos,
300,KHMER,Kampuchea,Kampuchea,
306,SUOY,Kampuchea,Kampuchea,
307,SAOCH,Kampuchea,Kampuchea,
311,MEO,Laos,Laos,
312,YAO,Laos,Laos,
314,YAO,Vietnam,Vietnam,
319,MUONG,Laos,Laos,
326,CAOLAN,Vietnam,Vietnam,
327,CAOLAN,Kampuchea,Kampuchea,
329,YAO/MEO,Laos,Laos,
330,NYAKUR,Thailand,Thailand,
331,M,Thailand,Thailand,
332,KHMER,Thailand,Thailand,
333,TONGA',Thailand,Thailand,
335,NYAKUR,Laos,Laos,
342,MON,Thailand,Thailand,
347,UGONG,Thailand,Thailand,
352,PHALO,Thailand,Thailand,
355,LISU,Thailand,Thailand,
356,YAO,Thailand,Thailand,
358,LAHU,Vietnam,Vietnam,
359,LAVIA,Thailand,Thailand,
360,KAREN,Thailand,Thailand,
362,MPI,Thailand,Thailand,
363,AKHA,Thailand,Thailand,
366,MAL,Thailand,Thailand,
368,KHAMET,Thailand,Thailand,
370,LAHU,Thailand,Thailand,
373,MOK,Thailand,Thailand,
378,PHANG,Thailand,Thailand,
395,AKHA,Burma,,
397,XINH MUL,Laos,Laos,
402,KHMU,Laos,Laos,
404,MEO,Vietnam,Vietnam,
406,PONG1,Laos,Laos,
407,PONG3,Laos,Laos,
425,THAI DAM(LAO SONG),Laos,Laos,
427,AKHA,Laos,Laos,
428,LUE,Laos,Laos,
431,BIT,Laos,Laos,
434,KHAO,Vietnam,Vietnam,
438,CHINESE,Laos,Laos,
444,SILA,Laos,Laos,
448,MRABRI,Laos,Laos,
450,MUANG,Laos,Laos,
452,PRAY/PHAY,Laos,Laos,
458,KHMU,Thailand,Thailand,
462,PHAY,Laos,Laos,
464,PHNAN,Laos,Laos,
468,LAMET,Laos,Laos,
469,MEO,Burma,,
470,TAI LOI,Laos,Laos,
471,LAHU,Laos,Laos,
474,DOI,Laos,Laos,
477,KRAEN,Thailand,Thailand,
478,JINGHPAW,Burma,,
479,WA,Burma,,
485,SO,Thailand,Thailand,
486,BO,Laos,Laos,
491,HUNG/PONG2,Laos,Laos,
495,Hat,Vietnam,Vietnam,
501,T,Burma,,
510,KAREN,Laos,Laos,
516,KHANG,Vietnam,Vietnam,
519,LAHA,Vietnam,Vietnam,
532,MANG,Vietnam,Vietnam,
538,GIAY,Vietnam,Vietnam,
549,KAREN,Burma,,
550,SHAN,Burma,,
552,SHAN,Thailand,Thailand,
560,NYAHEUN,Laos,Laos,
561,ONG,Laos,Laos,
564,Rai,Laos,Laos,
566,S. ROGLAI,Laos,Laos,
567,CHRU,Laos,Laos,
570,N. ROGLAI,Laos,Laos,
571,RHADE,Laos,Laos,
572,JARAI,Laos,Laos,
573,HAROI,Laos,Laos,
574,BAHNAR,Laos,Laos,
575,HRE,Laos,Laos,
576,KAYONG,Laos,Laos,
577,SEDANG,Laos,Laos,
578,KATUA,Laos,Laos,
579,TODRAH,Laos,Laos,
580,MONOM,Laos,Laos,
581,CUA,Laos,Laos,
582,DUAN,Laos,Laos,
583,TAKUA,Laos,Laos,
584,LAMAM/HA,Laos,Laos,
585,RENGAO,Laos,Laos,
586,JEH,Laos,Laos,
587,TARENG,Laos,Laos,
588,KASENG,Laos,Laos,
590,BRAO,Laos,Laos,
591,SAPUAN/SOK/CHENG,Laos,Laos,
592,LOVEN,Laos,Laos,
594,PACOH,Laos,Laos,
595,PHUONG,Laos,Laos,
596,YIR,Laos,Laos,
597,KLOR,Laos,Laos,
598,NGEH,Laos,Laos,
599,KATU,Laos,Laos,
600,TAHOI,Laos,Laos,
602,BRU,Laos,Laos,
603,KHUA,Laos,Laos,
604,TRI,Laos,Laos,
605,MANGKONG,Laos,Laos,
607,KHA TONG LUANG,Laos,Laos,
608,AREM/MAY/RUC,Laos,Laos,
609,THAVUNG,Laos,Laos,
611,T,Thailand,Thailand,
616,PAK TAY,Thailand,Thailand,
617,BURMESE,Burma,,
620,Palaw,Burma,,
622,LAHU/LISU,Thailand,Thailand,
633,AKHA/LAHU,Burma/Tailand,,
638,LUE,Thailand,Thailand,
639,South-Wester Family,Laos,Laos,
640,South-Western Family,Laos,Laos,
646,Khuen,Laos,Laos,
650,TAY,Vietnam,Vietnam,
655,THAI KHAW,Vietnam,Vietnam,
658,THAI KHAW,Laos/Vietnam,,
659,Austronesian,Christmas I.,Australia,
660,PALAUAN,Palau,United States,
662,EAHU,Thailand,Thailand,
665,TIMORESE/Biboki-Insana,East Timor,East Timor,
666,TIMORESE/ROTINESE,East Timor,East Timor,
667,TIMORESE/Amanuban-Amanatun,East Timor,East Timor,
668,ROTI,East Timor,East Timor,
669,TIMORESE/Kusa-Manlea,East Timor,East Timor,
670,MAMBAI/Damata,East Timor,East Timor,
671,MAMBAI/Lolei,East Timor,East Timor,
672,KEMAK/Nogo,East Timor,East Timor,
673,TETUN,East Timor,East Timor,
674,TUKUDEDE/Keha,East Timor,East Timor,
675,MAMBAI/Manua,East Timor,East Timor,
676,LAKALEI,East Timor,East Timor,
677,HABU,East Timor,East Timor,
678,IDATE,East Timor,East Timor,
679,GALOLI/Dadua,East Timor,East Timor,
680,GALOLI/Edi,East Timor,East Timor,
681,GALOLI/Galoli,East Timor,East Timor,
682,GALOLI/Na Nahek,East Timor,East Timor,
683,TETUN/Soibada,East Timor,East Timor,
684,TETUN/Eastern Tetun,East Timor,East Timor,
685,KAIRUI-MIDIKI/Kairui,East Timor,East Timor,
686,NAUETI/Oso Moko,East Timor,East Timor,
687,NAUETI/Naumik,East Timor,East Timor,
688,MAKASAI/Makiere,East Timor,East Timor,
689,KAIRUI-MIDIKI/Midiki,Indonesia,,
690,FATALUKU,East Timor,East Timor,
691,MAKU'A,East Timor,East Timor,
692,Dili Tetun,East Timor,East Timor,
693,TETUN/N,East Timor,East Timor,
694,"ROTI,TIMCRESE,SAVU",Indonesia,Indonesia,
695,SELWASA,Indonesia,Indonesia,
696,YAMDENA//Southern,Indonesia,Indonesia,
699,KEI-FORDATA/Larat II,Indonesia,Indonesia,
700,WETAR/Limera,East Timor,East Timor,
701,WETAR/Hahutan,East Timor,East Timor,
702,WETAR/Welemur,East Timor,East Timor,
703,WAIMA'A,East Timor,East Timor,
705,WETAR/Tutunohan,East Timor,East Timor,
706,GALOLI/Hehak,East Timor,East Timor,
708,GALOLI/Baba,East Timor,East Timor,
709,ADABE,East Timor,East Timor,
710,LAMAHOLOT/Adonara,East Timor,East Timor,
712,KEDANG,East Timor,East Timor,
713,KOLANA,East Timor,East Timor,
714,TANGLAPUI,East Timor,East Timor,
720,WOISIKA,East Timor,East Timor,
721,TIMORESE/Ambenu(Vaikenu),East Timor,East Timor,
723,KEI-FORDATA,Indonesia,,
726,SELARU,Indonesia,Indonesia,
727,KUI,East Timor,East Timor,
729,KELON,East Timor,East Timor,
730,KAFOA,East Timor,East Timor,
731,NEDEBANG,East Timor,East Timor,
732,LAMAHOLOT/East,East Timor,East Timor,
734,TEWA,East Timor,East Timor,
736,LAMMA,East Timor,East Timor,
738,LAMAHOLOT/Ile Mandiri,East Timor,East Timor,
739,LAMAHOLOT/South,East Timor,East Timor,
740,LAMAHOLOT/Pukaunu,East Timor,East Timor,
741,"TIMORESE/Amabi,Fatulau,Amfoan",East Timor,East Timor,
743,SIKKA/Tana Ai,East Timor,East Timor,
744,SIKKA/South Coast,East Timor,East Timor,
745,SIKKA/Central,East Timor,East Timor,
746,ENDE-LIO/Nga'o,East Timor,East Timor,
747,ENDE-LIO/Ende(Ja'o),East Timor,East Timor,
748,ENDE-LIO/Lio(Aku),East Timor,East Timor,
749,MANGGARAI/East,East Timor,East Timor,
750,ENDE-LIO/Nage-Keo,East Timor,East Timor,
751,RIUNG,East Timor,East Timor,
752,NGADA,East Timor,East Timor,
753,NGADA/South-Western,East Timor,East Timor,
754,NGADA/South-Eastern,East Timor,East Timor,
755,NGADA/Central,Indonesia,,
756,NGADA/Soa,Indonesia,,
757,MANGGARAI/Central Eastern,East Timor,East Timor,
758,MANGGARAI/Central,East Timor,East Timor,
759,MANGGARAI/West,East Timor,East Timor,
760,MANGGARAI/Transitional,East Timor,East Timor,
761,BIMA/Bima,Indonesia,Indonesia,
762,SASAK/Central,Indonesia,Indonesia,
763,NDAO,Indonesia,,
765,SAVU/Liae,Indonesia,Indonesia,
766,SAVU/Seba,Indonesia,Indonesia,
767,(KAMBERA)EAST SUMBANESE/Mangili-Waijelo,Indonesia,Indonesia,
769,(KAMBERA)EAST SUMBANESE/Melolo,Indonesia,Indonesia,
770,SAVU,Indonesia,Indonesia,
771,(KAMBERA)EAST SUMBANESE/Southern,Indonesia,Indonesia,
772,(KAMBERA)EAST SUMBANESE/Kambera,Indonesia,Indonesia,
773,(KAMBERA)EAST SUMBANESE/Lewa,Indonesia,Indonesia,
774,(KAMBERA)EAST SUMBANESE/Kanatang,Indonesia,Indonesia,
775,KODI,Indonesia,Indonesia,
777,LAMBOYA,Indonesia,Indonesia,
779,WANUKAKA/Rua,Indonesia,Indonesia,
780,WANUKAKA/Wanukaka,Indonesia,Indonesia,
781,WEYEWA/Weyewa,Indonesia,Indonesia,
782,WEYEWA/Laura,Indonesia,Indonesia,
783,MAMBORU,Indonesia,Indonesia,
784,(KAMBERA)EAST SUMBANESE/Umbu Ratu Nggai,Indonesia,Indonesia,
785,ANAKALANGU,Indonesia,Indonesia,
786,WEYEWA/Lauli,Indonesia,Indonesia,
787,WEYEWA/Tana Righu,Indonesia,Indonesia,
788,PALU'E,Indonesia,,
789,BALI MALAY,Indonesia,Indonesia,
790,BALINESE/Standard,Indonesia,Indonesia,
792,JAVANESE/North-Western,Indonesia,Indonesia,
793,MADURESE/all Dialects,Indonesia,Indonesia,
794,JAVANESE,Indonesia,Indonesia,
796,SUNDANESE/Central-Eastern,Indonesia,Indonesia,
797,SUNDANESE/South-Eastern,Indonesia,Indonesia,
798,SUNDANESE/North-Eastern,Indonesia,Indonesia,
800,JAVANESE/Manuk,Indonesia,Indonesia,
801,SUNDANESE/Southern,Indonesia,Indonesia,
802,SUNDANESE/Northern,Indonesia,Indonesia,
803,ENGGANO,Indonesia,Indonesia,
806,SUNDANESE/Western,Indonesia,Indonesia,
807,LAMPUNG/C-E,Indonesia,Indonesia,
808,KOMERING,Indonesia,Indonesia,
809,LAMPUNG/Northern,Indonesia,Indonesia,
811,LAMPUNG/Western,Indonesia,Indonesia,
812,LAMPUNG/Southern,Indonesia,Indonesia,
813,LAMPUNG/S-W,Indonesia,Indonesia,
814,LAMPUNG/C-W,Indonesia,Indonesia,
815,SUMATRA MALAY/Semendo,Indonesia,Indonesia,
816,SUMATRA MALAY,Indonesia,Indonesia,
819,SUMATRA MALAY/Ranau,Indonesia,Indonesia,
820,NIAS/Sichule,Indonesia,Indonesia,
821,NIAS/Eastern,Indonesia,Indonesia,
826,JAVA,Indonesia,Indonesia,
827,MINANGKABAU/South-Eastern,Indonesia,Indonesia,
828,MINANGKABAU/Kerinci,Indonesia,Indonesia,
829,MINANGKABAU/Kerinci-Minangkabau,Indonesia,Indonesia,
830,MINANGKABAU/Southern,Indonesia,Indonesia,
831,MINANGKABAU/Pekal,Indonesia,Indonesia,
832,SUMATRA MALAY/Serawai,Indonesia,Indonesia,
833,SUMATRA MALAY/Bengkulu,Indonesia,Indonesia,
835,REJANG,Indonesia,Indonesia,
838,SUMATRA MALAY/Daya,Indonesia,Indonesia,
839,SUMATRA MALAY/Aji,Indonesia,Indonesia,
847,SUMATRA MALAY/Penesak,Indonesia,Indonesia,
848,SUMATRA MALAY/Belide,Indonesia,Indonesia,
849,SUMATRA MALAY/Kayu Agung,Indonesia,Indonesia,
850,SUMATRA MALAY/Ogan,Indonesia,Indonesia,
851,SUMATRA MALAY/Lematang,Indonesia,Indonesia,
853,SUMATRA MALAY/Enim,Indonesia,Indonesia,
855,SUMATRA MALAY/Palembang,Indonesia,Indonesia,
856,SUMATRA MALAY/Musi,Indonesia,Indonesia,
857,SUMATRA MALAY/Lembak,Indonesia,Indonesia,
858,SUMATRA MALAY/Sindang Kelingi,Indonesia,Indonesia,
860,SUMATRA MALAY/Lintang,Indonesia,Indonesia,
861,SUMATRA MALAY/Besemah,Indonesia,Indonesia,
862,SUMATRA MALAY/Rawas,Indonesia,Indonesia,
865,MINANGKABAU,Indonesia,,
866,SUMATRA MALAY/Kubu,Indonesia,,
869,MINANGKABAU/Northern,Indonesia,Indonesia,
870,MINANGKABAU/Central Northern,Indonesia,Indonesia,
871,MINANGKABAU/C-W,Indonesia,Indonesia,
872,MINANGKABAU/Central,Indonesia,Indonesia,
873,MINANGKABAU/Central Eastern,Indonesia,Indonesia,
874,MENTAWAI/Southern Siberut,Indonesia,Indonesia,
875,ANGKOLA-MANDAILING,Indonesia,Indonesia,
876,Lubu,Indonesia,,
878,MINANGKABAU/Western,Indonesia,Indonesia,
881,ACEHNESE,Indonesia,Indonesia,
882,Kluet,Indonesia,Indonesia,
885,J,Indonesia,Indonesia,
890,GAYO,Indonesia,Indonesia,
891,ALAS-KLUET,Indonesia,Indonesia,
892,Deli,Indonesia,Indonesia,
893,KARO,Indonesia,Indonesia,
894,Alas/Kluet,Indonesia,Indonesia,
895,TOBA,Indonesia,Indonesia,
896,SIMALUNGAN,Indonesia,Indonesia,
897,Karo,Indonesia,Indonesia,
898,KARO/Singkil,Indonesia,Indonesia,
899,KARO/Batak-Pakpak,Indonesia,Indonesia,
900,KARO/Dairi,Indonesia,Indonesia,
901,Orang Seletar,Malaysia,Southern Malaysia,
902,MALAY,Malaysia,Eastern Malaysia; Malaysia; North-Eastern Malaysia; North-Western Malaysia; Southern Malaysia; Urak Lawoi',
904,Orang Kanaq,Malaysia,Southern Malaysia,
910,SEMELAI/Temoq,Malaysia,Malaysia,
911,SEMELAI/Semelai,Malaysia,Southern Malaysia,
912,SEMELAI,Malaysia,Malaysia,
919,SEMELAI/Semaq Palong,Malaysia,Malaysia,
920,BESISI,Malaysia,Southern Malaysia,
922,KENABOI,Malaysia,Malaysia; Southern Malaysia,
923,BESISI/Betise',Malaysia,Southern Malaysia,
924,BESISI/Sakai of Ulu Langat,Malaysia,Southern Malaysia,
927,BESISI/Sisi',Malaysia,Southern Malaysia,
928,KENSIU/Semang of Sadang,Malaysia,Southern Malaysia,
930,SEMAQ BERI/SEMELAI,Malaysia,Southern Malaysia,
931,SEMAQ BERI,Malaysia,Malaysia,
932,SEMELAI/Biduanda of Chiong,Malaysia,Southern Malaysia,
935,SEMAI/Orang Tanjong of Langat,Malaysia,Malaysia,
937,JAH HET,Malaysia,Southern Malaysia,
938,CHE' WONG,Malaysia,Malaysia,
939,CHE' WONG/W,Malaysia,Malaysia,
940,CHE' WONG/E,Malaysia,Malaysia,
941,BATEK/Batek lga',Malaysia,Malaysia,
943,Batek Teq,Malaysia,Malaysia,
948,BATEK/Mintil,Malaysia,Malaysia,
949,BATEK/Batek De,Malaysia,Malaysia,
950,JEHAI/Menriq,Malaysia,North-Western Malaysia,
951,JEHAI/Batek Teh,Malaysia,Malaysia,
952,SEMAI/Bil,Malaysia,Malaysia; Southern Malaysia,
953,Ulu,Malaysia,Malaysia,
955,Temuan,Malaysia,Malaysia,
956,BATEK/Batek Hapen,Malaysia,Southern Malaysia,
959,Batek Nong,Malaysia,Malaysia; Southern Malaysia,
961,SEMAI,Malaysia,Malaysia; Southern Malaysia,
962,SEMAI/Lipis,Malaysia,Malaysia,
965,JEHAI/Jehai,Malaysia,North-Western Malaysia,
966,'LOW-COUNTRY SEMANG'/Meni Gul,Malaysia,North-Western Malaysia,
967,KENSIU/Kensiu Pemsed,Malaysia,North-Western Malaysia,
968,KENSIU/Kensiu Batu,Malaysia,Malaysia,
969,KENSIU/Kensiu Siong,Malaysia,North-Western Malaysia,
970,KENSIU,Malaysia,Malaysia; North-Western Malaysia,
972,KENSIU/Meni Kaien,Malaysia,North-Western Malaysia,
973,LANOH,Malaysia,North-Western Malaysia,
976,SEMAI/Kampar,Malaysia,Malaysia,
978,SEMAI/Cameron H. lands,Malaysia,Malaysia,
979,TEMIAR,Malaysia,Malaysia,
981,SEMAI/Jelai,Malaysia,Malaysia,
982,SEMAI/Bidor,Malaysia,Malaysia,
983,SEMAI/Sungkai,Malaysia,Malaysia,
984,SEMAI/Betau,Malaysia,Malaysia,
985,SEMAI/Telom,Malaysia,Malaysia,
987,SEMAI/Perak I,Malaysia,Southern Malaysia,
990,N-W,Malaysia,North-Western Malaysia,
992,TEMIAR/Southern,Malaysia,North-Western Malaysia,
994,TEMIAR/Northern,Malaysia,Malaysia,
995,Orang Hulu,Malaysia,Malaysia,
996,Local Malay,Singapore,Singapore,
997,Orang Seletar,Singapore,Singapore,
998,ABUI,East Timor,East Timor,
999,KABOLA,East Timor,East Timor,
1000,BLAGAR,Indonesia,,
1002,LAMAHOLOT,Indonesia,,
1003,LAMAHOLOT/East,Indonesia,,
1004,BUNAK,East Timor,East Timor,
1005,KEMAK/Kemak,East Timor,East Timor,
1006,OIRATA,Indonesia,,
1007,KISAR,Indonesia,,
1009,LETRI LGONA/Leti,Indonesia,,
1010,LETRI LGONA/Lakor,Indonesia,,
1011,LETRI LGONA/Sermata,Indonesia,,
1012,LETRI LGONA/Moa,Indonesia,,
1014,LETRI LGONA/Wetan-W(N)Babar,Indonesia,,
1015,TEUN,Indonesia,,
1018,SIMEULUE/Eastern,Indonesia,Indonesia,
1019,SIMEULUE/Western,Indonesia,Indonesia,
1021,NIAS/Western,Indonesia,Indonesia,
1022,MENTAWAI/Northern Siberut,Indonesia,Indonesia,
1023,MINANGKABAU/Muko-Muko,Indonesia,Indonesia,
1024,MENTAWAI/Pagai,Indonesia,Indonesia,
1025,MENTAWAI/Sipura,Indonesia,Indonesia,
1031,MINANGKABAU/South-Western,Indonesia,Indonesia,
1032,LAMPUNG/S-E,Indonesia,Indonesia,
1033,Banten,Indonesia,Indonesia,
1034,SASAK/North,Indonesia,Indonesia,
1035,SASAK/South-Eastern,Indonesia,Indonesia,
1036,SUMBAWA,Indonesia,Indonesia,
1037,SASAK/North-Eastern,Indonesia,Indonesia,
1039,LAMAHOLOT/Solor,East Timor,East Timor,
1041,TIMORESE/Mollo-Miomafo,East Timor,East Timor,
1042,LAMAHOLOT,East Tiimor,East Timor,
1043,TETUN/Western Tetun,East Timor,East Timor,
1044,MAMBAI/Mambai,East Timor,East Timor,
1045,JAKARTA MALAY,Indonesia,,
1046,SUMATRA MALAY/Bangka,Indonesia,,
1047,SUMATRA MALAY/Belitung,Indonesia,,
1048,Natuna Besar,Indonesia,,
1049,Anambas Island,Indonesia,,
1051,Western Coastal Malay,Indonesia,Borneo,
1053,JAVANESE/Cirebon,Indonesia,Indonesia,
1054,JAVANESE/Central Western,Indonesia,Indonesia,
1055,JAVANESE/Eastern,Indonesia,Indonesia,
1056,MADURESE/Western,Indonesia,Indonesia,
1057,MADURESE/Central,Indonesia,Indonesia,
1058,BIMA,Indonesia,Indonesia,
1061,LAMAHOLOT/Tanjung Bunga,Indonesia,,
1063,Austronesian,Indonesia,,
1067,SAVU/Timu,Indonesia,,
1068,ROTI,Indonesia,,
1071,MAKASAI,Indonesia,,
1073,DAMAR/S DAMAR,East Timor,East Timor,
1074,DAMAR/N DAMAR,East Timor,East Timor,
1076,YAMDENA/Northern,Indonesia,,
1077,KEI-FORDATA/Larat I,Indonesia,,
1078,BIAK,Indonesia,Indonesia,
1079,Bazaar Malay,Indonesia,,
1086,Adi,Indonesia,,
1087,Nufor,Indonesia,,
1090,'LOW-COUNTRY SEMANG'/Semang of Juru',Malaysia,North-Western Malaysia,
1092,VIET/South,Kampuchea,Kampuchea,
1098,THAI-MALAY,Malaysia,Malaysia,
1099,Nias/Eastern,Indonesia,,
1100,SUMATRA MALAY,Malaysia,Malaysia,
1101,SUMATRA MALAY/Riau,Indonesia,,
1106,KOLANA,Indonesia,,
1107,MUNA,Indonesia,Sulawesi,
1108,BAJO Ampana,Indonesia,Sulawesi,
1109,BAJO,Indonesia,Sulawesi,
1110,Wanji,Indonesia,Sulawesi,
1111,LAMAHOLOT/Lewolaga,East Timor,East Timor,
1115,THAI,Thailand,Thailand,
1119,MOKEN,Thailand,Thailand,
1120,LAYOLO,Indonesia,,
1121,Salayar,Indonesia,Sulawesi,
1122,Lakiung,Indonesia,Sulawesi,
1123,PAMONA Sinihoan,Indonesia,Sulawesi,
1124,PAMONA Sinohoan,Indonesia,Sulawesi,
1125,PAMONA,Indonesia,Sulawesi,
1126,MORI Watu - Karunsi,Indonesia,Sulawesi,
1127,MORI Saroako,,,
1128,BUGIS,,,
1130,WOTU,Indonesia,Sulawesi,
1131,BUNGKU,Indonesia,Sulawesi,
1133,Upper Mori,Indonesia,Sulawesi,
1134,BUGIS,Indonesia,Sulawesi,
1135,Tamboki,Indonesia,Sulawesi,
1136,PAMONA Belala,Indonesia,Sulawesi,
1137,MORI,Indonesia,Sulawesi,
1138,Padoe MORI,Indonesia,Sulawesi,
1139,BUGIS Luwu Wajo Palakka,Indonesia,Sulawesi,
1140,Epe - Routa,Indonesia,Sulawesi,
1141,Watu,Indonesia,Sulawesi,
1143,Asera Wanua,Indonesia,Sulawesi,
1144,Labeau,Indonesia,Sulawesi,
1146,Tulambatu,Indonesia,Sulawesi,
1148,Waru,,,
1149,Wiwi Rano,,,
1152,To Rete,Indonesia,Sulawesi,
1154,LALAKI,Indonesia,Sulawesi,
1156,Wowoni,Indonesia,Sulawesi,
1160,SOUTH BUTON,Indonesia,Sulawesi,
1161,BUTON,Indonesia,Sulawesi,
1162,WOLIO,Indonesia,Sulawesi,
1163,Kabaena,East Timor,East Timor,
1165,BAJO,East Timor,East Timor,
1167,BUNGKU Rumbia,Indonesia,Sulawesi,
1168,ATINGGOLA,Indonesia,Sulawesi,
1169,BINTAUNA,Indonesia,Sulawesi,
1170,BOLANGO,Indonesia,Sulawesi,
1171,BOLA'ANG - MONGONDOW,Indonesia,Sulawesi,
1173,SUWAWA,Indonesia,Sulawesi,
1174,GORONTALO,Indonesia,Sulawesi,
1175,Limboto,Indonesia,Sulawesi,
1179,KAILI Palu,Indonesia,Sulawesi,
1181,TOLITOLI,Indonesia,Sulawesi,
1184,DONDO,Indonesia,Sulawesi,
1190,"BUGIS, KAILI Palu, MANDAR",Indonesia,Sulawesi,
1191,Tinombo,Indonesia,Sulawesi,
1193,DAMPELASA,Indonesia,Sulawesi,
1195,KAILI Palu,,,
1196,"KAILI Palu, MANDAR",Indonesia,Sulawesi,
1197,BALAESAN,Indonesia,Sulawesi,
1198,KASIMBAR,Indonesia,Sulawesi,
1200,Ampibabo,Indonesia,Sulawesi,
1204,KAILA,Indonesia,Sulawesi,
1207,Ganti,Indonesia,Sulawesi,
1208,Lole,Indonesia,Sulawesi,
1209,Sawitto,Indonesia,Sulawesi,
1210,BUGIS Campaiagian,Indonesia,Sulawesi,
1211,Tupu,Indonesia,Sulawesi,
1215,SEDOA,,,
1217,SEDOA,Indonesia,Sulawesi,
1218,Parigi,Indonesia,Sulawesi,
1226,Ampana,Indonesia,Sulawesi,
1228,Lalaeo,Indonesia,Sulawesi,
1229,Beach Pamona,Indonesia,Sulawesi,
1230,NAPU,Indonesia,Sulawesi,
1231,Sausu,Indonesia,Sulawesi,
1232,Pakuli,Indonesia,Sulawesi,
1233,Sigi,Indonesia,Sulawesi,
1234,LINDU,,,
1235,Kulawi,Indonesia,Sulawesi,
1236,RAMPI,Indonesia,Sulawesi,
1237,PIPIKORO,Indonesia,Sulawesi,
1238,PAMONA Pu'u Mboto,Indonesia,Sulawesi,
1239,PAMONA Laiwonu,Indonesia,Sulawesi,
1241,MEKONGKA Norio,Indonesia,Sulawesi,
1244,Konio MEKONGKA,Indonesia,Sulawesi,
1245,BOLANO,Indonesia,Sulawesi,
1246,MANDAR,Indonesia,Sulawesi,
1247,Tialo,Indonesia,Sulawesi,
1250,TONDANO,,,
1253,BANTIK,Indonesia,Sulawesi,
1254,MANADO MALAY,Indonesia,Sulawesi,
1255,Minahasan Group,Indonesia,Sulawesi,
1256,Remboken,Indonesia,Sulawesi,
1257,Kakas,Indonesia,Sulawesi,
1258,TONDANO,Indonesia,Sulawesi,
1260,SANGIR,Indonesia,Sulawesi,
1263,TONSEA,Indonesia,Sulawesi,
1264,Kalabat Atas,Indonesia,Sulawesi,
1266,Matanai,Indonesia,Sulawesi,
1267,Tomohon,Indonesia,Sulawesi,
1268,PONOSAKAN,Indonesia,Sulawesi,
1269,RATAHAN,Indonesia,Sulawesi,
1271,TONTEM BOAN,Indonesia,Sulawesi,
1277,Makelai,Indonesia,Sulawesi,
1281,Lolak,Indonesia,Sulawesi,
1283,BUOL,Indonesia,Sulawesi,
1285,Pekawa,Indonesia,Sulawesi,
1286,BADA,Indonesia,Sulawesi,
1287,Besoa,Indonesia,Sulawesi,
1289,Laiaeo,Indonesia,Sulawesi,
1291,PAMONA Ampana,Indonesia,Sulawesi,
1293,SEKO,,,
1294,BUGIS Luwu,Indonesia,Sulawesi,
1295,Sillanan Gandangbatu,Indonesia,Sulawesi,
1296,Makale,Indonesia,Sulawesi,
1297,SA'DAN Rongkong,Indonesia,Sulawesi,
1298,PITU ULUNNA SALO,Indonesia,Sulawesi,
1299,Mamasa,Indonesia,Sulawesi,
1300,Botteng-Tappalang,Indonesia,Sulawesi,
1301,Kesu,Indonesia,Sulawesi,
1302,Mappa - Pana,Indonesia,Sulawesi,
1303,Mangki,Indonesia,Sulawesi,
1304,Sangangalla,Indonesia,Sulawesi,
1305,Rantepao,Indonesia,Sulawesi,
1306,Wajo,Indonesia,Sulawesi,
1310,Konjo,Indonesia,Sulawesi,
1311,Turatea,Indonesia,Sulawesi,
1312,Bantaeng,Indonesia,Sulawesi,
1313,Enna,Indonesia,Sulawesi,
1314,Palakka,Indonesia,Sulawesi,
1315,Sidenreng,Indonesia,Sulawesi,
1316,Soppeng,Indonesia,Sulawesi,
1317,Parepare,Indonesia,Sulawesi,
1319,Maiwa,Indonesia,Sulawesi,
1320,Duri,Indonesia,Sulawesi,
1321,Enrekang,Indonesia,Sulawesi,
1322,MBALOH,,,
1323,BUKAT,,,
1325,MENDALAM KY.,,,
1328,Sarawak Malay,,,
1330,Sarawak Malay,Indonesia,Borneo,
1331,Bruit,Indonesia,Borneo,
1335,MELANAU Daro,Indonesia,Borneo,
1337,Matu,Indonesia,Borneo,
1339,Dalat,Indonesia,Borneo,
1340,Mukah - Oya,Indonesia,Borneo,
1341,Balingian,Indonesia,Borneo,
1343,BINTULU,,,
1344,BINTULU,Indonesia,Borneo,
1345,M.,,,
1346,KANOWIT,Indonesia,Borneo,
1347,Sarikei,Indonesia,Borneo,
1348,Sibu,,,
1350,KANOWIT,,,
1351,TANJONG,,,
1355,Sebuyau sd.,Indonesia,Borneo,
1356,LARA,Indonesia,Borneo,
1357,SILAKAU,Indonesia,Borneo,
1358,SINGGIE,Indonesia,Borneo,
1360,JAGOI Dialects/Tringus,Indonesia,Borneo,
1361,JAGOI,Indonesia,Borneo,
1362,BIATAH,Indonesia,Borneo,
1363,Bukar Sadong p.,Indonesia,Borneo,
1364,Bidayuh,Indonesia,Borneo,
1365,BUKAR SADONG,Indonesia,Borneo,
1369,Milikin sd.,Indonesia,Borneo,
1370,Balau sd.,Indonesia,Borneo,
1373,Kendayan - Ambawang,Indonesia,Borneo,
1374,JAGOI Dialects/Tengoh,,,
1375,JAGOI Dialects/Dongay,Indonesia,Borneo,
1376,JAGOI Dialects/Assem,Indonesia,Borneo,
1377,JAGOI Dialects/Suti,Indonesia,Borneo,
1378,JAGOI Dialects/Empawa,Indonesia,Borneo,
1379,Sebuyau sd.,,,
1380,Mualang,Indonesia,Borneo,
1381,KEMBAYAN,Indonesia,Borneo,
1386,KAPUAS (NGAJU),Indonesia,Borneo,
1387,Banjar Hulu sd.,Indonesia,Borneo,
1388,Meratus (Bukit) sd.,Indonesia,Borneo,
1389,Samihim,Indonesia,Borneo,
1390,Dusun Balangan,Indonesia,Borneo,
1392,Lawangan,Indonesia,Borneo,
1393,DUSUN DEYAH,Indonesia,Borneo,
1395,S. -E. BARITO,Indonesia,Borneo,
1396,Ma'anyan,Indonesia,Borneo,
1397,East Coast Bajau,Indonesia,Borneo,
1398,BASAP Jembayan,Indonesia,Borneo,
1399,Balikpapan sd.,Indonesia,Borneo,
1401,?,Indonesia,Borneo,
1402,Kutai Tenggarong sd.,Indonesia,Borneo,
1403,Northern Kutai sd.,Indonesia,Borneo,
1405,BASAP Berau B.,Indonesia,Borneo,
1406,Merau Malay,Indonesia,Borneo,
1408,Banjar M.,Indonesia,Borneo,
1409,P. Kelai,Indonesia,Borneo,
1410,Dumaring,,,
1411,P. TUBU K.?,,,
1412,Punan Gang P. NIBONG,,,
1413,Punan Lusong,,,
1414,Penan Apo P. NIBONG,,,
1416,Kajaman p.,Indonesia,Borneo,
1417,LAHANAN,Indonesia,Borneo,
1418,REJANG KAYAN Dialects/Long Geng,Indonesia,Borneo,
1419,REJANG KAYAN Dialects/Long Murun,Indonesia,Borneo,
1420,Punan Gang P. NIBONG,Indonesia,Borneo,
1421,REJANG KAYAN Dialects/Uma Daro,Indonesia,Borneo,
1422,REJANG KAYAN Dialects/Long Badan,,,
1423,REJANG KAYAN Dialects/Ma'Aging,,,
1424,BUKITAN Ukit,Indonesia,Borneo,
1425,REJANG KAYAN Dialects/Long Kehobo,Indonesia,Borneo,
1426,REJANG KAYAN Dialects/Uma Juman,,,
1427,Uma Bakah W.K.,Indonesia,Borneo,
1428,P. NIBONG P. Lanying,,,
1429,KAJAMAN Sekapen,,,
1430,Mbaloh,,,
1432,Kakus Penan W.K.,,,
1434,Pasir Malay,Indonesia,Borneo,
1437,Kedayan,,,
1439,NAROM Miri,,,
1445,Sar. M.,,,
1447,TUTONG,,,
1448,Brunei Malay,,,
1450,SOUTHERN BISAYA,,,
1451,"LUN DAYE p., Kawang - Menadong sd.",,,
1452,KOLOD,,,
1453,Maligan Tagal,,,
1454,NORTHERN BISAYA,,,
1455,BEAUFORT MUDUT Dialects / Bukow,,,
1456,BEAUFORT MUDUT Dialects / Bintaq,,,
1457,KLIAS RIVER KADAZAN,,,
1459,TATANA,,,
1460,East Coast Bajau,,,
1462,RUNGUS,,,
1463,Gonsomon,,,
1464,Nulu,,,
1465,Rungus p,,,
1466,TAMBANUA,,,
1467,GARO,,,
1468,KIMARAGANG,,,
1469,LINGKABAU,,,
1470,TEBILUNG,,,
1471,Tempasuk,,,
1473,DUMPAS,,,
1474,TIDONG,,,
1478,Kuala - Monsok,,,
1479,KENINGAU MURUT Dialects / Apin - Apin Kuijar,,,
1481,KENINGAU MURUT Dialects / Nabay,,,
1482,"KENINGAU MURUT Dialects / Dusun Murut, Tambual",,,
1483,Dusunic Subgroup,,,
1484,GANA,,,
1485,KUIJAU,,,
1488,L. Pa Sia sd.,,,
1489,Oga Bakung,,,
1490,P. Ukit,,,
1491,L. Kelawit,,,
1492,KAYAN R. K. L. Naean,,,
1493,Kayan R. Bakung,,,
1494,KAYAN R. KY. Uma Lakan,,,
1496,Kayaniyut K.,,,
1497,P. APUT,,,
1498,KAYAN R. KY. Kayaniyut Ky.,,,
1499,P. Poh,,,
1500,P. Basap,,,
1501,P. Kelai,,,
1503,SERUDUNG,,,
1504,M,,,
1505,Iban,,,
1507,Keninjal,,,
1508,Ulu Ai',,,
1509,Kolis MBALOH,,,
1512,W.KENYAH Kemena Penan,,,
1513,W.K. L. Bangan,,,
1514,BERAWAN Dialects / W. Berawan,,,
1515,P. NIBONG Sipeng,,,
1522,L. Seridan,,,
1523,L. Labid,,,
1524,L. Lellang,,,
1525,L. Atip BARAM KAYAN,,,
1526,BERAWAN Dialects / Long Terawan,,,
1527,L. Wat TUTOH K.,,,
1528,KIPUT Balait Jati,,,
1529,Narom p.,,,
1530,Kiput p.,,,
1531,Lemiting,,,
1532,S. BISAYA,,,
1533,BERAWAN Dialects / Long Pata,,,
1534,BERAWAN Dialects / Batu Baleh,,,
1535,LELAK Dali,,,
1536,MURIK KY. L. Nanyuq,,,
1537,L. Ekang,,,
1539,Lelak p.,,,
1540,L. Napir,,,
1544,P. Batu,,,
1546,SEGAI Bolongan,,,
1548,BURUSU,,,
1551,P. Penjalin,,,
1552,P. Segah,,,
1553,KAYAN R KENYAH,,,
1555,P. MERAP,,,
1557,P. Sajau,,,
1559,Abai,,,
1560,PUTOH,,,
1562,SA'BAN,,,
1563,LUN DAYE p. Papadi sd.,,,
1564,LENGILU,,,
1565,L. Bawan sd.,,,
1566,L. Bangaq,,,
1567,KELABIT,,,
1569,Bah Malei,,,
1570,Nibong,,,
1571,P. Silat,,,
1572,Bok P.,,,
1573,L. Luyang,,,
1574,BERAWAN Dialects / Long Jegan,,,
1576,BARAM KY Uma Bawang,,,
1577,Long Akah,,,
1578,Lirong SEBOB K.,,,
1579,L. Atun,,,
1581,LOBU,,,
1582,ABAI SUNGAI,,,
1584,BUKITAN P. Busang,,,
1586,SEMBAKUNG,,,
1587,SELUNGAI MURUT,,,
1588,Salalir,,,
1589,KENINGAU MURUT Dialects / Dusun Murut,,,
1590,KENINGAU MURUT Dialects / Apin - Aoin Kuijau,,,
1591,Pnsiangan Murut,,,
1592,SUMAMBU - TAGAL Rundum Murut,,,
1593,Tomani Sumambu,,,
1594,Paluan p. sd.,,,
1595,Pandewan,,,
1597,Dalit sd. PALUAN p.,,,
1598,UPPER KINABATANGAN p.,,,
1599,BAUKAN p.,,,
1600,Minokok,,,
1602,Tengara,,,
1603,Dusun Segama,,,
1606,Paitanic Subgroup,,,
1608,LOTUD,,,
1610,Putatan sd.,,,
1611,Coastal Kadazan Southern sd.,,,
1614,KALABAKAN,,,
1617,MODANG L. Glat,,,
1620,Taman,,,
1621,HOVONGAN Semukung - Uheng,,,
1623,KEREHO - UHENG,,,
1624,HOVONGAN,,,
1625,KAYAN MAHAKAM,,,
1626,Seoutan,,,
1627,AOHENG P.,,,
1630,P. Oho,,,
1632,Beiayan,,,
1633,DOHOI,Indonesia,Borneo,
1634,Linggang,Indonesia,Borneo,
1635,AMPANANG,Indonesia,Borneo,
1636,Pahu,Indonesia,Borneo,
1637,Londong,Indonesia,Borneo,
1638,Kutai Tenggarong,Indonesia,Borneo,
1639,MAHAKAM K. p.,,,
1640,BAHAU,Indonesia,Borneo,
1641,MODANG Long Glat,Indonesia,Borneo,
1644,P. Ratah,,,
1645,KAYAN MAHAKAM,Indonesia,Borneo,
1646,MAHAKAM K. p.,Indonesia,Borneo,
1648,P. MERAH,Indonesia,Borneo,
1649,BUSANG Mahakam Busang,Indonesia,Borneo,
1650,Benua,,,
1651,Bentian,Indonesia,Borneo,
1652,TUNJUNG,Indonesia,Borneo,
1653,NORTH - EAST BARITO,Indonesia,Borneo,
1655,Jelalong P.,,,
1670,Trusan,,,
1672,BUKITAN p.,,,
1673,Ba. P. BAH - BIAU,,,
1674,Bi. P. BAH - BIAU,,,
1675,Balanipa,Indonesia,Sulawesi,
1676,Majene,Indonesia,Sulawesi,
1678,Dolago,Indonesia,Sulawesi,
1680,Kaidipan,Indonesia,Sulawesi,
1681,Bolang Itang,Indonesia,Sulawesi,
1684,MAMUJU,Indonesia,Sulawesi,
1685,KAILI Banawa,Indonesia,Sulawesi,
1686,Sugut Kao'azan,,,
1688,KADAZAN DUSAN / Central Kadazan Dusan,,,
1689,EASTERN KADAZAN,,,
1693,TIDONG,Indonesia,Indonesia,
1705,Binatang BASAP,Indonesia,Borneo,
1706,BASAP Karangan,Indonesia,Borneo,
1707,Kutai Malay,Indonesia,Borneo,
1708,Labu Malay,Indonesia,Borneo,
1709,Marau Malay,Indonesia,Borneo,
1710,Kutai Kota Bangun sd.,,,
1711,Kutai Ancalong sd.,,,
1712,Lapo' Lulit KELINYAU K.,,,
1713,Uma Jalam,,,
1714,L.Wai,,,
1715,Nahes Liah Bing MODANG,,,
1716,WAHAU KY,,,
1717,Uma Titai WAHAU K.,,,
1718,Uma Bem,,,
1719,KELINYAU L. Bento,,,
1720,Uma Tau,,,
1721,MODANG Benehes,,,
1722,Banjar Malay,Indonesia,Borneo,
1723,Bakumpai Malay,Indonesia,Borneo,
1729,BAKUNG K. Boh BAKUNG,,,
1730,MAHAKAM K. Boh,,,
1731,BUKITAN P. Batu,Indonesia,Borneo,
1732,Sian,Indonesia,Borneo,
1733,Iban Section-Level Isolate,Indonesia,Borneo,
1734,Local Malay,Indonesia,Borneo,
1736,L. Bene,,,
1738,L.Puyungan,,,
1739,L. Atau,,,
1740,L. Anap,,,
1741,L. Moh,,,
1742,L. Lamai,,,
1743,Nyamok,,,
1744,L. Jeeh,,,
1745,L. Semiang,,,
1747,Suluk,,,
1752,SALUAN,Indonesia,Sulawesi,
1753,PAMONA Batui,Indonesia,Sulawesi,
1755,Tabun sd.,,,
1756,Upper Limbang Ba Kelalan sd.,,,
1757,Upper Limbang Adang sd.,,,
1758,L. Semado sd.,,,
1759,BANGGAI West Banggai,Indonesia,Sulawesi,
1760,BANGGAI East Baggai,Indonesia,Sulawesi,
1763,L. Sukang,,,
1764,Lawas sd.,,,
1765,Papar 1 sd.,,,
1767,ARANDAI,Indonesia,,
1768,KONDA,Indonesia,,
1769,PURAGI,Indonesia,,
1770,KAMPONG BARU,Indonesia,,
1771,Mugin,Indonesia,,
1772,INANWATAN,Indonesia,,
1773,YARADIAN,Indonesia,,
1774,Kasuweri,Indonesia,,
1775,TAROF,Indonesia,,
1776,Neget Besa,Indonesia,,
1777,ASUWERI,Indonesia,,
1778,MORAID,Indonesia,,
1779,KALABRA,Indonesia,,
1780,? KUWANI,Indonesia,,
1781,West Bird's Head Stock Level Family,Indonesia,,
1782,Mbolfle,Indonesia,,
1783,Fayok,Indonesia,,
1784,Sawyat,Indonesia,,
1785,Tehijit,Indonesia,,
1786,Sayfi,Indonesia,,
1787,Konyok,Indonesia,,
1788,Khlabra,Indonesia,,
1789,Fkhar,Indonesia,,
1791,KARON PANTAI,Indonesia,,
1792,MADKI,Indonesia,,
1793,Kebar,Indonesia,,
1794,Amberbaken,Indonesia,,
1795,KARON DORI,Indonesia,,
1796,MEAX,Indonesia,,
1797,Tuf,Indonesia,,
1798,BRAT,Indonesia,,
1799,BRAT Yak,Indonesia,,
1800,PAPUAN,Indonesia,,
1801,Marey,Indonesia,,
1802,Asmaun,Indonesia,,
1803,Brat,Indonesia,,
1804,Maru,Indonesia,,
1806,Mantion,Indonesia,,
1807,Manikion,Indonesia,,
1808,BORAI,Indonesia,,
1809,MENINGGO,,,
1810,HATTAM,Indonesia,,
1812,YAUR,Indonesia,,
1813,South ASIENARA,Indonesia,,
1814,North ASIENARA,Indonesia,,
1815,Western IRIA,Indonesia,,
1816,Central IRIA,Indonesia,,
1817,Eastern IRIA,Indonesia,,
1819,SEMIMI,Indonesia,,
1820,WAROPEN Napan ?,Indonesia,,
1821,WANDAMEN,Indonesia,,
1822,YERETUAR,Indonesia,,
1824,TANDIA,Indonesia,,
1825,NABI,Indonesia,,
1826,Bintuni,Indonesia,,
1827,DUSNER,Indonesia,,
1829,Eastern IRAHUTU,Indonesia,,
1830,Southeastern IRAHUTU,Indonesia,,
1831,South IRAHUTU,Indonesia,,
1832,MAIRASI,Indonesia,,
1833,NORTH-EASTERN MAIRASI ?,Indonesia,,
1834,MOI,Indonesia,Indonesia,
1835,URIANKERE,Indonesia,Indonesia,
1836,DAI,Indonesia,Indonesia,
1837,Mosana,Indonesia,Indonesia,
1838,SEGET,Indonesia,,
1840,MOS,Indonesia,,
1841,North IRAHUTU,Indonesia,,
1842,TANAH MERAH,Indonesia,,
1843,BARAU,Indonesia,,
1844,ERCKWANAS,Indonesia,,
1845,BAHAM,Indonesia,,
1847,ONIN,Indonesia,,
1848,IHA Kapaur,Indonesia,,
1849,ERCKWANAS  Iha,Indonesia,,
1850,Kaipuri,Indonesia,,
1852,YAVA,Indonesia,,
1853,Oba,Indonesia,,
1854,IRESIM,Indonesia,,
1855,KOSARE,Indonesia,,
1856,KOSAREK(WANAM),Indonesia,,
1857,NIRSAN(YALI),Indonesia,,
1858,GOLIATH,Indonesia,,
1859,KORAPUN,Indonesia,,
1860,NALCA,Indonesia,,
1861,SIRKAI,Indonesia,,
1862,EKAGI Yabi,Indonesia,,
1863,Simori,Indonesia,,
1864,Mapia,Indonesia,,
1865,Northern dialects,Indonesia,,
1866,Paniai,Indonesia,,
1867,Tigi,Indonesia,,
1868,Western KAMORO,Indonesia,,
1869,Tarya,Indonesia,,
1870,Central Kamora,Indonesia,,
1871,Kamora,Indonesia,,
1872,Upper Wania,Indonesia,,
1873,Wania  KAMORO,Indonesia,,
1874,Mukumuga,Indonesia,,
1875,South MONI,Indonesia,,
1876,Amung UHUNDUNI,Indonesia,,
1877,Enggipiloe,Indonesia,,
1878,UHUNDUNI,Indonesia,,
1879,Damal,Indonesia,,
1880,SOUTH NGALIK,Indonesia,,
1881,NDUGA,Indonesia,,
1882,NORTH NGALIK,Indonesia,,
1883,WANO,Indonesia,,
1884,DEM,,,
1885,IIaga,Indonesia,,
1886,Sinak,Indonesia,,
1887,North Balim,Indonesia,,
1888,WESTERN BANI Yamo,Indonesia,,
1889,Swart Valley,Indonesia,,
1890,Bokondini,Indonesia,,
1891,Kimbin,Indonesia,,
1892,Wodo,Indonesia,,
1893,Gorge,Indonesia,,
1894,DABRA,Indonesia,,
1895,SENGGI,Indonesia,,
1896,South LOLODA,Indonesia,Indonesia,
1897,North LOLODA,Indonesia,Indonesia,
1898,GALELA,Indonesia,Indonesia,
1901,Talai,Indonesia,Indonesia,
1903,Nyeku TOBARU,Indonesia,Indonesia,
1904,South MODOLE,Indonesia,Indonesia,
1905,North MODOLE,Indonesia,Indonesia,
1906,Heleworuru,Indonesia,Indonesia,
1907,Boeng,Indonesia,Indonesia,
1908,GEBE,Indonesia,Indonesia,
1909,TOBELO T,Indonesia,Indonesia,
1910,Kao,Indonesia,Indonesia,
1911,PAGU lsam,Indonesia,Indonesia,
1912,Padiaua,Indonesia,Indonesia,
1913,Gamkonor,Indonesia,Indonesia,
1914,SAHU,Indonesia,Indonesia,
1916,TOBARU,Indonesia,Indonesia,
1918,Kao,,,
1920,Dodinga,Indonesia,Indonesia,
1921,TIDORE,Indonesia,Indonesia,
1922,Waiamli,Indonesia,Indonesia,
1923,BULI,Indonesia,Indonesia,
1924,Tugutil,Indonesia,Indonesia,
1925,TOBLLO,Indonesia,Indonesia,
1926,MABA,Indonesia,Indonesia,
1927,Maba,Indonesia,Indonesia,
1928,TOBELO Boeng,Indonesia,Indonesia,
1929,Haleworuru,Indonesia,Indonesia,
1930,SAWAI,Indonesia,Indonesia,
1931,E & W MAKIAN,Indonesia,Indonesia,
1935,E.& W.MAKIAN,Indonesia,Indonesia,
1938,WEDA,Indonesia,Indonesia,
1939,North-Eastern GIMAN,Indonesia,Indonesia,
1940,North Western GIMAN,Indonesia,Indonesia,
1941,Temate,Indonesia,Indonesia,
1942,Southern GIMAN,Indonesia,Indonesia,
1946,Tobelo,Indonesia,Indonesia,
1950,Bacbn Malay,Indonesia,Indonesia,
1954,Termate,Indonesia,Indonesia,
1958,PATANI,Indonesia,Indonesia,
1959,Buton,Indonesia,Indonesia,
1964,MATBAT,Indonesia,Indonesia,
1967,LAGANYAN,Indonesia,Indonesia,
1968,MAYA,Indonesia,Indonesia,
1970,KAWE,Indonesia,Indonesia,
1971,MADEN,Indonesia,Indonesia,
1977,TOBELO,Indonesia,Indonesia,
1979,SEMPAN,Indonesia,,
1981,BIPIM,,,
1982,WARKAY,Indonesia,,
1983,CENTRAL ASMAT,Indonesia,,
1984,Sokeni,Indonesia,,
1985,Keenaskp,Indonesia,,
1986,KEENOK,Indonesia,,
1987,NORTH ASMAT,Indonesia,,
1988,SOMAHAI,Indonesia,,
1989,CITAK ASMAT,Indonesia,,
1991,UPPER KAEME R?,Indonesia,,
1992,South AIRO-SUMAGHAGHE,Indonesia,,
1993,Wideman R ?,Indonesia,,
1994,Kayagar Stock-Level Family,Indonesia,,
1995,Tamario,Indonesia,,
1996,South SAWUY,Indonesia,,
1997,North SAWUY,Indonesia,,
1998,Kampung r PISA,Indonesia,,
1999,Central AIRO-SUMAGHAGHE,Indonesia,,
2000,North AIRO-SUMAGHAGHE,Indonesia,,
2001,KAYGIR,Indonesia,,
2002,South KAUGAT,Indonesia,,
2003,North KAUGAT,Indonesia,,
2004,Bapai,Indonesia,,
2005,Nambeomon,Indonesia,,
2007,Siagha,Indonesia,,
2009,SIAGHA-YENIMU,Indonesia,,
2010,AGHU,Indonesia,,
2011,KIA R?,Indonesia,,
2012,EDERAH R?,Indonesia,,
2013,MAPI R?,Indonesia,,
2014,UPPER DIGUL R,Indonesia,,
2015,WANGGOM,Indonesia,,
2016,WAMBON,Indonesia,,
2017,Wambon,Indonesia,,
2018,Rungwayap,Indonesia,,
2019,Uwimmerah Digul,Indonesia,,
2020,Kambon,Indonesia,,
2021,RIANTANA,Indonesia,Indonesia,
2023,NOOM,Indonesia,Indonesia,
2026,MAKLEW,Indonesia,,
2027,South YELMEK,Indonesia,,
2028,North YELMEK,Indonesia,,
2030,KIMAGHAMA,Indonesia,Indonesia,
2031,MOMBUM,Indonesia,Indonesia,
2032,W-Coast MARIND,Indonesia,,
2033,MORAORI,Indonesia,,
2034,MARIND Kumbe,Indonesia,,
2035,BIAN MARIND,Indonesia,,
2036,Lowei Bian,Indonesia,,
2037,Atih,Indonesia,,
2038,MONO ALU,,,Solomon Islands
2039,KIA,,,Solomon Islands
2040,BILUA,,,Solomon Islands
2041,NDUKE,,,Solomon Islands
2042,BUGOTO,,,Solomon Islands
2043,BANIATA,,,Solomon Islands
2044,LAVUKALEVE,,,Solomon Islands
2045,GELA,,,Solomon Islands
2047,Austronesian,,,Carolin Islands; Marshall Islands; Papua New Guinea; Solomon Islands
2048,RENNELLESE,,,Solomon Islands
2050,SAIPAN,,,Northern Mariana Islands
2051,CHAMORRO,,,Guam; Northern Mariana Islands
2052,EASTERN FIJIAN,,,Fiji
2057,PONAPEAN,,,Federated States of Micronesia
2058,KOSRAEAN,,,Federated States of Micronesia
2060,DEHU,,,New Caledonia
2061,NENGONE,,,New Caledonia
2062,Kwenyii,,,New Caledonia
2064,MALO,,,Vanuatu
2065,ANEITYUM,,,Vanuatu
2066,NAUBUAN,,,Nauru
2069,LAVONGAI,,,Papua New Guinea
2070,LIHIR,,,Papua New Guinea
2071,LUKEP,,,Papua New Guinea
2074,KEHELALA(TAVARA),,,Papua New Guinea
2079,MARSHALLESE,,,Marshall Islands
2085,TUVALU,,,Tuvalu
2087,SAMOAN,,,Samoa
2089,NIUE,,,Niue
2090,TOKELAU,,,
2091,TONGAN,,,
2092,EAST UVEA,,,Wallis and Futuna
2093,EAST FUTUNA,,,Wallis and Futuna
2100,KIRIBATI,,,Kiribati
2104,Balamula,,,Papua New Guinea
2105,TIRIO,,,Papua New Guinea
2106,LEWADA,,,Papua New Guinea
2107,Guiam Yuta,,,Papua New Guinea
2108,Eastern Trans-Fly Family,,,Papua New Guinea
2109,Western GIZRA,,,Papua New Guinea
2114,Eastern BINE,,,Papua New Guinea
2115,Western BINE,,,Papua New Guinea
2116,Masingle,,,Papua New Guinea
2117,Tati,,,Papua New Guinea
2118,MIRIAM(ERUB),,,Papua New Guinea
2119,Southern GIDRA,,,Papua New Guinea
2123,Daru Kiwai,,,Papua New Guinea
2124,BOAZI Kuini,,,Papua New Guinea
2125,Zomakani,,,Papua New Guinea
2126,Begua,,,Papua New Guinea
2127,SUKI,,,Papua New Guinea
2128,ARI-WARUNA Waruna,,,Papua New Guinea
2129,Ari,,,Papua New Guinea
2130,LOWER MOREHEAD(PEREMKA),,,Papua New Guinea
2131,DORRO,,,Papua New Guinea
2132,Tais,,,Papua New Guinea
2133,Parb,,,Papua New Guinea
2134,TONDA,,,Papua New Guinea
2135,UPPER MOREHEAD(ROUKU),,,Papua New Guinea
2136,Awyu-dumut Family,,,Papua New Guinea
2137,NAMBU,,,Papua New Guinea
2139,MUTUM,,,Papua New Guinea
2140,Coaster Kiwai,,,Papua New Guinea
2141,AGOB,,,Papua New Guinea
2142,IDI,,,Papua New Guinea
2143,KIWUR,Indonesia,,
2144,ANGGOR,,,Papua New Guinea
2145,SIMOG,,,Papua New Guinea
2146,PAONDA,,,Papua New Guinea
2147,Imonda,,,Papua New Guinea
2148,FAS,,,Papua New Guinea
2149,WARAPU,,,Papua New Guinea
2150,SISSANO,,,Papua New Guinea
2151,TUMLEO,,,Papua New Guinea
2152,VAIMAN,,,Papua New Guinea
2153,MOUNTAIN ARAPESH,,,Papua New Guinea
2154,Uahita,,,Papua New Guinea
2155,South ARAPESH,,,Papua New Guinea
2156,ONE,,,Papua New Guinea
2158,HEYO,,,Papua New Guinea
2159,YANANG,,,Papua New Guinea
2160,URIM,,,Papua New Guinea
2161,FITLEP,,,Papua New Guinea
2162,ARUEK,,,Papua New Guinea
2164,YIS,,,Papua New Guinea
2165,SLTI,,,Papua New Guinea
2166,SILPUT,,,Papua New Guinea
2167,WIAK,,,Papua New Guinea
2168,NINGERA,,,Papua New Guinea
2169,SKOITUMAWO,Indonesia,,
2170,KRISA,,,Papua New Guinea
2172,SANGKE,Indonesia,,
2173,AWYI,Indonesia,,
2174,TAIKAT,Indonesia,,
2176,PAGI,,,Papua New Guinea
2177,KILMERI,,,Papua New Guinea
2180,SEAT,,,Papua New Guinea
2181,BIAKA,,,Papua New Guinea
2183,KWOMTARI,,,Papua New Guinea
2184,NAGATMAN,,,Papua New Guinea
2185,BAiBAI,,,Papua New Guinea
2187,BIKSI,Indonesia,,
2188,Atbalmin,,,Papua New Guinea
2189,NORTH KATI,Indonesia,,
2190,Daupka,,,Papua New Guinea
2191,NO,,,Papua New Guinea
2192,PA,,,Papua New Guinea
2193,North Awin,,,Papua New Guinea
2194,South Awin,,,Papua New Guinea
2195,East Awin,,,Papua New Guinea
2196,MORIGI,,,Papua New Guinea
2197,WABUDA,,,Papua New Guinea
2198,WAIA,,,Papua New Guinea
2199,Middle Bamu,,,Papua New Guinea
2200,Pirupiru,,,Papua New Guinea
2201,Kiwaian Family,,,Papua New Guinea
2202,BAMU KIWAI,,,Papua New Guinea
2203,Sisiame,,,Papua New Guinea
2205,SOME,,,Papua New Guinea
2206,ONABASULU,,,Papua New Guinea
2207,KONAI,,,Papua New Guinea
2208,POGAIA,,,Papua New Guinea
2209,SONIA,,,Papua New Guinea
2210,AGALA,,,Papua New Guinea
2212,Etoro,,,Papua New Guinea
2213,Komiofi,,,Papua New Guinea
2214,BEAMI Bedamini,,,Papua New Guinea
2215,N Beami?,,,Papua New Guinea
2216,KWARE,,,Papua New Guinea
2217,TOMU,,,Papua New Guinea
2218,NOMAD Samo,,,Papua New Guinea
2219,Kubo,,,Papua New Guinea
2220,Honibu,,,Papua New Guinea
2221,Bibo,,,Papua New Guinea
2222,FASU,,,Papua New Guinea
2223,FIWAGA,,,Papua New Guinea
2224,KASUA,,,Papua New Guinea
2225,NAMUMI,,,Papua New Guinea
2227,KAIRI,,,Papua New Guinea
2228,OMATI,,,Papua New Guinea
2229,MENA,,,Papua New Guinea
2230,IKOBI,,,Papua New Guinea
2231,ARIGIBI,,,Papua New Guinea
2232,KEREWO,,,Papua New Guinea
2233,MINANIBAI,,,Papua New Guinea
2234,PURARI,,,Papua New Guinea
2235,GABADI,,,Papua New Guinea
2236,Melaripi-Kaipi,,,Papua New Guinea
2237,Bush Mekeo,,,Papua New Guinea
2238,Kovio,,,Papua New Guinea
2239,NARA(POKAU),,,Papua New Guinea
2240,VORI,,,Papua New Guinea
2242,ANKAVE,,,Papua New Guinea
2244,SIMBARI,,,Papua New Guinea
2246,SAU,,,Papua New Guinea
2247,Keba,,,Papua New Guinea
2248,Western & Central  PAWAIA,,,Papua New Guinea
2249,Trabedesare,,,Papua New Guinea
2250,Tebera,,,Papua New Guinea
2251,OKSAPMIN,,,Papua New Guinea
2252,PAKA,,,Papua New Guinea
2253,GABIANO,,,Papua New Guinea
2254,Setiali,,,Papua New Guinea
2255,PIAME,,,Papua New Guinea
2256,BIKARU,,,Papua New Guinea
2257,Kaina,,,Papua New Guinea
2258,Mai,,,Papua New Guinea
2259,Yandapo,,,Papua New Guinea
2260,ENGA Tayato,,,Papua New Guinea
2261,Golin,,,Papua New Guinea
2262,S.E.Kewa,,,Papua New Guinea
2263,S.Kewa(Pole),,,Papua New Guinea
2264,W.Kewa,,,Papua New Guinea
2265,E.Kewa,,,Papua New Guinea
2266,WIRU,,,Papua New Guinea
2268,Gewigi,,,Papua New Guinea
2269,Kopona,,,Papua New Guinea
2270,ENGA Sau,,,Papua New Guinea
2271,KAYAKA,,,Papua New Guinea
2272,PINAI,,,Papua New Guinea
2273,WAPI,,,Papua New Guinea
2274,EREM,,,Papua New Guinea
2275,LEMBENA,,,Papua New Guinea
2276,ARAMO,,,Papua New Guinea
2278,MEAKAMBUT,,,Papua New Guinea
2279,MARAMBA,,,Papua New Guinea
2280,MEKMEK,,,Papua New Guinea
2281,CHANGRIWA,,,Papua New Guinea
2282,KAMBOT Others,,,Papua New Guinea
2284,LANGAM,,,Papua New Guinea
2285,MONGOL,,,Papua New Guinea
2286,YAUL,,,Papua New Guinea
2289,BIWAT,,,Papua New Guinea
2291,BANARO,,,Papua New Guinea
2292,MURIK,,,Papua New Guinea
2293,GAPUN,,,Papua New Guinea
2294,KOPAR,,,Papua New Guinea
2296,YIMAS,,,Papua New Guinea
2297,ALAMBLAK Karawari,,,Papua New Guinea
2298,BAHINEMO,,,Papua New Guinea
2299,BISIS,,,Papua New Guinea
2301,MARI,,,Papua New Guinea
2302,KAPRIMAN,,,Papua New Guinea
2303,Karambit,,,Papua New Guinea
2304,WATAKATAUT,,,Papua New Guinea
2306,North Mansap BUNA,,,Papua New Guinea
2307,South MANSAP buna,,,Papua New Guinea
2308,MAND,,,Papua New Guinea
2310,URIMO,,,Papua New Guinea
2311,MUNIWARA,,,Papua New Guinea
2312,Yibab,,,Papua New Guinea
2313,Paruwa,,,Papua New Guinea
2314,Kamasau,,,Papua New Guinea
2315,ELEPI,,,Papua New Guinea
2319,KIS,,,Papua New Guinea
2320,KAIRIRU,,,Papua New Guinea; apua New Guinea
2321,BOIKEN Coastal A,,,Papua New Guinea
2322,BOIKEN Coastal B,,,Papua New Guinea
2324,KAIAN,,,Papua New Guinea
2325,AWAR,,,Papua New Guinea
2326,SEPA,,,Papua New Guinea
2327,LILAU,,,Papua New Guinea
2328,MONUMBO,,,Papua New Guinea
2330,MIKAREW,,,Papua New Guinea
2331,GIRI,,,Papua New Guinea
2332,SEPEN,,,Papua New Guinea
2333,TANGU,,,Papua New Guinea
2334,IGOM,,,Papua New Guinea
2335,TANGUAT,,,Papua New Guinea
2336,ANDARUM,,,Papua New Guinea
2337,PAY,,,Papua New Guinea
2338,PILA,,,Papua New Guinea
2341,SAKI,,,Papua New Guinea
2343,BUNABUN,,,Papua New Guinea
2344,KORAK,,,Papua New Guinea
2346,MEDEBUR,,,Papua New Guinea
2347,MALAS,,,Papua New Guinea
2348,WASKIA,,,Papua New Guinea
2349,MEGIAR,,,Papua New Guinea
2351,MATUKAR,,,Papua New Guinea
2352,GEDAGED,,,Papua New Guinea
2353,BILBIL,,,Papua New Guinea
2355,BOM,,,Papua New Guinea
2356,DUDUELA,,,Papua New Guinea
2357,ERIMA,,,Papua New Guinea
2358,MALE,,,Papua New Guinea
2359,HAM,,,Papua New Guinea
2360,SIHAN,,,Papua New Guinea
2361,ARAWUM,,,Papua New Guinea
2362,SIROI,,,Papua New Guinea
2363,BEMAL,,,Papua New Guinea
2364,GIRAWA,,,Papua New Guinea
2365,UNINO,,,Papua New Guinea
2366,DANARU,,,Papua New Guinea
2367,SUMAU,,,Papua New Guinea
2368,SONGUM,,,Papua New Guinea
2369,YANGULAM,,,Papua New Guinea
2370,BONGU,,,Papua New Guinea
2371,PULABU,,,Papua New Guinea
2372,Trams-New Guinea Phylum,,,Papua New Guinea
2373,JILIM,,,Papua New Guinea
2374,KWATO,,,Papua New Guinea
2375,SARUGA,,,Papua New Guinea
2376,KARE,,,Papua New Guinea
2377,UTU,,,Papua New Guinea
2378,GAL,,,Papua New Guinea
2379,ISEBE,,,Papua New Guinea
2380,PANIM,,,Papua New Guinea
2381,KAMBA,,,Papua New Guinea
2382,MATEPI,,,Papua New Guinea
2383,SILOPI,,,Papua New Guinea
2384,NAKE,,,Papua New Guinea
2385,BAGUPI,,,Papua New Guinea
2386,MURUPI,,,Papua New Guinea
2387,MOSIMO,,,Papua New Guinea
2388,SAMOSA,,,Papua New Guinea
2389,WAMAS,,,Papua New Guinea
2390,REMPI,,,Papua New Guinea
2391,YOIDIK,,,Papua New Guinea
2392,GARUS,,,Papua New Guinea
2393,GARUH,,,Papua New Guinea
2394,RAPTING,,,Papua New Guinea
2396,SAEP,,,Papua New Guinea
2397,LEMIO,,,Papua New Guinea
2398,BILIAU,,,Papua New Guinea
2399,WAB,,,Papua New Guinea
2400,Arop,,,Papua New Guinea
2402,MALALAMAI,,,Papua New Guinea
2403,YAGOMI,,,Papua New Guinea
2404,DEGENAN,,,Papua New Guinea
2405,RAWA,,,Papua New Guinea
2406,DUMUN,,,Papua New Guinea
2407,MINDIRI,,,Papua New Guinea
2408,GANGLAU,,,Papua New Guinea
2409,YABONG,,,Papua New Guinea
2410,KOLOM,,,Papua New Guinea
2411,MEBU,,,Papua New Guinea
2412,NANKINA,,,Papua New Guinea
2413,FORAK,,,Papua New Guinea
2414,MORAFA,,,Papua New Guinea
2415,GUIARAK,,,Papua New Guinea
2416,ASAT,,,Papua New Guinea
2417,GIRA,,,Papua New Guinea
2418,BULGEBI,,,Papua New Guinea
2419,DAHATING,,,Papua New Guinea
2420,NAHU,,,Papua New Guinea
2421,NEKGINI,,,Papua New Guinea
2422,NGAING,,,Papua New Guinea
2423,NEKO,,,Papua New Guinea
2424,Singorokai,,,Papua New Guinea
2425,NENGAYA,,,Papua New Guinea
2426,ROINDJI,,,Papua New Guinea
2427,MALASANGA,,,Papua New Guinea
2428,SIO,,,Papua New Guinea
2429,GITUA,,,Papua New Guinea
2430,YAU,,,Papua New Guinea
2431,South Central TIMBE,,,Papua New Guinea
2432,East KOMBA,,,Papua New Guinea
2433,WELLKI,,,Papua New Guinea
2434,KOMUTU,,,Papua New Guinea
2435,North  TIMBE,,,Papua New Guinea
2436,South SELEPET,,,Papua New Guinea
2437,North SELEPET,,,Papua New Guinea
2438,Central KOMBA,,,Papua New Guinea
2439,Border,,,Papua New Guinea
2440,W.C. Central,,,Papua New Guinea
2441,West Central,,,Papua New Guinea
2442,SIALUM,,,Papua New Guinea
2443,YABIM,,,Papua New Guinea
2444,SAFEYOKA(AMPALE) Wojokeso,,,Papua New Guinea
2445,SILISILI,,,Papua New Guinea
2446,UNANK,,,Papua New Guinea
2447,LABU,,,Papua New Guinea
2448,GUWOT,,,Papua New Guinea
2449,MUSOM,,,Papua New Guinea
2450,YALU,,,Papua New Guinea
2451,SENE,,,Papua New Guinea
2452,Bamota KATE,,,Papua New Guinea
2453,Wamora,,,Papua New Guinea
2454,MAPE Naga Fukac,,,Papua New Guinea
2455,South DEDUA,,,Papua New Guinea
2456,North MIGABAC,,,Papua New Guinea
2457,North DEDUA,,,Papua New Guinea
2458,NOMU,,,Papua New Guinea
2459,Ziew,,,Papua New Guinea
2460,Amugen,,,Papua New Guinea
2461,KINALAKNA,,,Papua New Guinea
2462,KUMUKIO,,,Papua New Guinea
2464,Mapos,,,Papua New Guinea
2465,MAPOS BUANG,,,Papua New Guinea
2467,MISIM,,,Papua New Guinea
2468,Adzera Family,,,Papua New Guinea
2469,KELA,,,Papua New Guinea
2470,YAMAP,,,Papua New Guinea
2471,HOTE,,,Papua New Guinea
2472,VEHES,,,Papua New Guinea
2473,MANGA BUANG,,,Papua New Guinea
2474,Patep,,,Papua New Guinea
2475,mumeng Yanta,,,Papua New Guinea
2476,mARALANGO,,,Papua New Guinea
2477,DANGAL,,,Papua New Guinea
2478,KARIN,,,Papua New Guinea
2479,Latep,,,Papua New Guinea
2480,Dennatu,,,Papua New Guinea
2482,LAE,,,Papua New Guinea
2483,BUKAWAC,,,Papua New Guinea
2484,Northern MOUNTAIN KOIARI,,,Papua New Guinea
2485,West KOI,,,Papua New Guinea
2486,Central Family,,,Papua New Guinea
2489,Southern MOUNTAIN KOIARI,,,Papua New Guinea
2491,MOTU,,,Papua New Guinea
2495,East KOIARI,,,Papua New Guinea
2496,Humene,,,Papua New Guinea
2497,West KOIARI,,,Papua New Guinea
2499,MULAHA(Mulaha),,,Papua New Guinea
2500,Lalaura,,,Papua New Guinea
2501,Kaparl,,,Papua New Guinea
2502,Aloma,,,Papua New Guinea
2504,Maopa,,,Papua New Guinea
2505,Wanigela,,,Papua New Guinea
2507,lkolu,,,Papua New Guinea
2508,Hula,,,Papua New Guinea
2509,Keapara,,,Papua New Guinea
2510,KEAPARA,,,Papua New Guinea
2511,Babaga,,,Papua New Guinea
2512,Kalo,,,Papua New Guinea
2513,Kwaibo,,,Papua New Guinea
2514,Balawaia,,,Papua New Guinea
2515,Oruone,,,Papua New Guinea
2516,Saroa,,,Papua New Guinea
2518,Kwabida,,,Papua New Guinea
2519,Domu,,,Papua New Guinea
2520,MAGI,,,Papua New Guinea
2521,MORAWA,,,Papua New Guinea
2522,Baibara,,,Papua New Guinea
2523,BINA,,,Papua New Guinea
2524,Mailuan family,,,Papua New Guinea
2525,Islan,,,Papua New Guinea
2526,MAGORI,,,Papua New Guinea
2527,LAUA,,,Papua New Guinea
2528,YOBA,,,Papua New Guinea
2529,Derebai,,,Papua New Guinea
2530,Borebo,,,Papua New Guinea
2531,Geagea,,,Papua New Guinea
2534,DAWAWA,,,Papua New Guinea
2535,BOIANAKI(GALAVI),,,Papua New Guinea
2536,BOKANAKI(GALAVI),,,Papua New Guinea
2539,WEDAU,,,Papua New Guinea
2541,GARUWAHI,,,Papua New Guinea
2542,IGORA(KAKABAI),,,Papua New Guinea
2543,TAUPOTA,,,Papua New Guinea
2544,Dahuni,,,Papua New Guinea
2545,BOHUTU,,,Papua New Guinea
2546,WAGAWAGA,,,Papua New Guinea
2547,Diomoni,,,Papua New Guinea
2548,Bonarua,,,Papua New Guinea
2549,SUAU,,,Papua New Guinea
2550,Daui,,,Papua New Guinea
2551,Leileiafa?,,,Papua New Guinea
2552,Sinaki,,,Papua New Guinea
2555,SONA(KANASI),,,Papua New Guinea
2556,GINUMAN,,,Papua New Guinea
2557,Eastern GWEDENA,,,Papua New Guinea
2558,Upper Ugu,,,Papua New Guinea
2559,DAGA,,,Papua New Guinea
2560,Domara,,,Papua New Guinea
2561,OUMA,,,Papua New Guinea
2562,Daravo,,,Papua New Guinea
2564,Ma,,,Papua New Guinea
2565,BINAHARI Nemee,,,Papua New Guinea
2566,BAUWAKI,,,Papua New Guinea
2567,Imila,,,Papua New Guinea
2568,Uder,,,Papua New Guinea
2569,Buniabura,,,Papua New Guinea
2570,Mori,,,Papua New Guinea
2571,JARI,,,Papua New Guinea
2572,Yareban Family,,,Papua New Guinea
2573,Auwaka,,,Papua New Guinea
2574,Doma,,,Papua New Guinea
2577,UBIR,,,Papua New Guinea
2578,Dagan Family,,,Papua New Guinea
2579,Pumani,,,Papua New Guinea
2581,Wapon,,,Papua New Guinea
2582,MAPENA,,,Papua New Guinea
2584,MAISIN,,,Papua New Guinea
2585,ARIFAMA-MINIAFIA,,,Papua New Guinea
2586,DOGA,,,Papua New Guinea
2587,ANUKI,,,Papua New Guinea
2588,MUKAWA,,,Papua New Guinea
2589,GAPAPAIWA,,,Papua New Guinea
2592,Westorn Coastal,,,Papua New Guinea
2594,TURAKA,,,Papua New Guinea
2595,DOGORO,,,Papua New Guinea
2596,MAISIN(Kosirava),,,Papua New Guinea
2598,NOTU,,,Papua New Guinea
2599,AFIFAMA-MANIAP,,,Papua New Guinea
2600,KORAFE,,,Papua New Guinea
2603,ARIFAMA-MANIAP,,,Papua New Guinea
2605,MAISIN(Uiaku),,,Papua New Guinea
2607,Mokorua,,,Papua New Guinea
2608,BARUGA,,,Papua New Guinea
2609,Gomoara,,,Papua New Guinea
2610,Kiniaki,,,Papua New Guinea
2613,Totore,,,Papua New Guinea
2614,Kakasa,,,
2615,Embessa,,,
2616,Gugumu,,,
2617,ONJOB,,,
2621,Sohe,,,Papua New Guinea
2622,YEGA(Yega),,,Papua New Guinea
2623,Akabard,,,Papua New Guinea
2624,Numba,,,Papua New Guinea
2625,Minjori,,,Papua New Guinea
2626,Averi,,,Papua New Guinea
2627,Zuwadze,,,Papua New Guinea
2628,Asapa,,,Papua New Guinea
2629,AOMIE(OMIE),,,Papua New Guinea
2630,Gora,,,Papua New Guinea
2631,Nami,,,Papua New Guinea
2632,Mesan,,,Papua New Guinea
2633,MANAGALASI,,,Papua New Guinea
2634,Wakue,,,Papua New Guinea
2635,Emo R,,,Papua New Guinea
2636,Kokila,,,Papua New Guinea
2637,Doromu,,,Papua New Guinea
2638,Koriko,,,Papua New Guinea
2639,Pitoni,,,Papua New Guinea
2640,Tabu,,,Papua New Guinea
2641,Laroni,,,Papua New Guinea
2642,Manoa,,,Papua New Guinea
2643,SIRIO,,,Papua New Guinea
2644,BARAI,,,Papua New Guinea
2645,Barai,,,Papua New Guinea
2646,Garia,,,Papua New Guinea
2647,KWALE,,,Papua New Guinea
2648,S-E KOIARI,,,Papua New Guinea
2649,Lagume,,,Papua New Guinea
2650,baiba,,,Papua New Guinea
2651,Nigubaiba,,,Papua New Guinea
2652,Taboro,,,Papua New Guinea
2653,Boku,,,Papua New Guinea
2654,SINAGORO,,,Papua New Guinea
2655,Wiga,,,Papua New Guinea
2656,YEREBA,,,Papua New Guinea
2657,DORIRT,,,Papua New Guinea
2658,Didigaru,,,Papua New Guinea
2660,Oibu,,,Papua New Guinea
2661,Gebi,,,Papua New Guinea
2662,Arrota,,,Papua New Guinea
2663,Maria,,,Papua New Guinea
2664,MARIA,,,Papua New Guinea
2666,BARIJI,,,Papua New Guinea
2667,Pirimi,,,Papua New Guinea
2668,Kokora,,,Papua New Guinea
2669,Ufia,,,Papua New Guinea
2671,Umwate,,,Papua New Guinea
2672,Koiarian Family,,,Papua New Guinea
2673,Mogoni,,,
2674,Afore,,,
2675,Oko,,,
2676,Karira,,,
2677,Jimuhi,,,
2679,KAMULA,,,Papua New Guinea
2680,BAINAPI,,,Papua New Guinea
2682,KARAMI,,,Papua New Guinea
2683,TAO-SUAMATO,,,Papua New Guinea
2684,MAHIGI,,,Papua New Guinea
2685,KAIWA,,,Papua New Guinea
2687,SIBOMA,,,Papua New Guinea
2688,SUENA,,,Papua New Guinea
2689,YEKORA,,,Papua New Guinea
2690,GUHU-SAMANE,,,Papua New Guinea
2692,CUHU-SAMANE,,,Papua New Guinea
2695,MAWAE,,,Papua New Guinea
2696,ZIA,,,Papua New Guinea
2697,AMBASI,,,Papua New Guinea
2699,AEKA,,,Papua New Guinea
2700,BINANDERE,,,Papua New Guinea
2703,Central,,,Papua New Guinea
2704,Chirima,,,Papua New Guinea
2705,FUYUGE Vanapa,,,Papua New Guinea
2706,Dilava,,,Papua New Guinea
2707,Auga,,,Papua New Guinea
2708,KUNI,,,Papua New Guinea
2709,Western RORO,,,Papua New Guinea
2710,Berema,,,Papua New Guinea
2711,Delena,,,Papua New Guinea
2712,Eastern RORO,,,Papua New Guinea
2713,Western MOUNTAIN KOIARI,,,Papua New Guinea
2714,MOUNTAIN KOIARI,,,Papua New Guinea
2715,Central MOUNTAIN KOIARI,,,Papua New Guinea
2718,Binanderean Family,,,Papua New Guinea
2719,HUNJARA,,,Papua New Guinea
2720,Wased,,,Papua New Guinea
2721,Gazili,,,Papua New Guinea
2722,Southern KUNIMAIPA,,,Papua New Guinea
2723,Central KUNIMAIPA,,,Papua New Guinea
2724,TAUADE,,,Papua New Guinea
2727,LOHIKI,,,Papua New Guinea
2728,Hae,,,Papua New Guinea
2729,RAEPA TATI,,,Papua New Guinea
2731,UARIPI,,,Papua New Guinea
2732,Haura,,,Papua New Guinea
2733,OPAO,,,Papua New Guinea
2735,OROKOLO,,,Papua New Guinea
2736,Muro,,,Papua New Guinea
2737,AGAATAHA,,,Papua New Guinea
2740,KAMASA,,,Papua New Guinea
2741,Simiso,,,Papua New Guinea
2742,Yayoponjo,,,Papua New Guinea
2743,KAWATSA,,,Papua New Guinea
2744,MENYA,,,Papua New Guinea
2745,YAGWOIA,,,Papua New Guinea
2746,Kaintiba,,,Papua New Guinea
2747,Angan Stock-Level Family,,,Papua New Guinea
2748,HAMTAI(KAPAU),,,Papua New Guinea
2749,Mumeng,,,Papua New Guinea
2750,Zenag,,,Papua New Guinea
2751,WAMPAR,,,Papua New Guinea
2752,PIU,,,Papua New Guinea
2754,BIANGAI,,,Papua New Guinea
2755,WAMPUR,,,Papua New Guinea
2756,Gurfuf,,,Papua New Guinea
2757,Ongac,,,Papua New Guinea
2758,Tsumin,,,Papua New Guinea
2759,Amari,,,Papua New Guinea
2760,SUKURUM,,,Papua New Guinea
2761,NGARIAWAN,,,Papua New Guinea
2762,Adzrac,,,Papua New Guinea
2763,SIRASIRA,,,Papua New Guinea
2764,MUNKIP,,,Papua New Guinea
2765,MAMAA,,,Papua New Guinea
2766,GUSAN,,,Papua New Guinea
2767,FINUNGWA,,,Papua New Guinea
2769,MESEM,,,Papua New Guinea
2770,BURUM,,,Papua New Guinea
2771,TOBO,,,Papua New Guinea
2772,KOSORONG,,,Papua New Guinea
2773,YAKNGE,,,Papua New Guinea
2774,NABAK,,,Papua New Guinea
2775,Awara,,,Papua New Guinea
2776,WANTOAT Central,,,Papua New Guinea
2777,SARAM,,,Papua New Guinea
2778,IRUMU,,,Papua New Guinea
2779,Wapu,,,Papua New Guinea
2780,YAGAWAK,,,Papua New Guinea
2781,BAM,,,Papua New Guinea
2782,EAST NEK,,,Papua New Guinea
2783,SOUTH NUK,,,Papua New Guinea
2784,NORTH NUK,,,Papua New Guinea
2785,WEST URII,,,Papua New Guinea
2786,EAST URII,,,Papua New Guinea
2787,WEST NET,,,Papua New Guinea
2788,NUMANGANG WEST,,,Papua New Guinea
2789,NIMI,,,Papua New Guinea
2790,SRUK,,,Papua New Guinea
2791,NUMANGANG EAST,,,Papua New Guinea
2792,SOUTH MAKAMA,,,Papua New Guinea
2793,NORTH MAKAMA,,,Papua New Guinea
2794,KEWIENG,,,Papua New Guinea
2795,SOM,,,Papua New Guinea
2796,NOKOPO,,,Papua New Guinea
2797,ISAN,,,Papua New Guinea
2798,WANOABONG,,,Papua New Guinea
2799,DOMUNG,,,Papua New Guinea
2800,Ngarowapum,,,Papua New Guinea
2801,Yarus,,,Papua New Guinea
2802,KUBE Dialects:Kurungtufu,,,Papua New Guinea
2803,KUBE Dialects:Yoanggeng,,,Papua New Guinea
2804,West,,,Papua New Guinea
2805,Nigac,,,Papua New Guinea
2806,Wana,,,Papua New Guinea
2807,Parce,,,Papua New Guinea
2808,Wemp,,,Papua New Guinea
2809,South MIGABAC,,,Papua New Guinea
2810,MOMARE,,,Papua New Guinea
2812,BONKIMAN,,,Papua New Guinea
2813,UFIM,,,Papua New Guinea
2814,WASEMBO,,,Papua New Guinea
2816,Obura,,,Papua New Guinea
2817,Central TAIBORA,,,Papua New Guinea
2818,WAFFA,,,Papua New Guinea
2819,OWENA,,,Papua New Guinea
2820,Pinata,,,Papua New Guinea
2821,Southern TAIRORA,,,Papua New Guinea
2822,Oyana,,,Papua New Guinea
2823,AUYANA,,,Papua New Guinea
2824,Hakia,,,Papua New Guinea
2825,TAUNA,,,Papua New Guinea
2826,North-eastern Awa,,,Papua New Guinea
2827,South FORE,,,Papua New Guinea
2828,Keiagana,,,Papua New Guinea
2829,Central FORE,,,Papua New Guinea
2830,East GIMI,,,Papua New Guinea
2831,West GIMI,,,Papua New Guinea
2833,USARUFA,,,Papua New Guinea
2834,ABAGA,,,Papua New Guinea
2835,KAMANO,,,Papua New Guinea
2836,Northern TAIRORA,,,Papua New Guinea
2837,GADSUP,,,Papua New Guinea
2838,Southern Awa,,,Papua New Guinea
2839,ASARO,,,Papua New Guinea
2840,Hua,,,Papua New Guinea
2841,YAWIYUHA,,,Papua New Guinea
2842,GAHUKU,,,Papua New Guinea
2843,Hira,,,Papua New Guinea
2844,Kami-Kulaka,,,Papua New Guinea
2845,Kamate,,,Papua New Guinea
2846,NOMANE,,,Papua New Guinea
2847,Kiari,,,Papua New Guinea
2848,Ono,,,Papua New Guinea
2849,Koreipa,,,Papua New Guinea
2850,Komunku,,,Papua New Guinea
2851,Lambau,,,Papua New Guinea
2852,Yate,,,Papua New Guinea
2853,Move,,,Papua New Guinea
2854,Dagenava,,,Papua New Guinea
2855,SALT-YUI,,,Papua New Guinea
2856,CHUAVR Elimbari,,,Papua New Guinea
2857,Kia,,,Papua New Guinea
2858,Ker,,,Papua New Guinea
2859,Chuave,,,Papua New Guinea
2860,Gona,,,Papua New Guinea
2861,SINASINA Tabare,,,Papua New Guinea
2862,Dom,,,Papua New Guinea
2863,Kai,,,Papua New Guinea
2864,MARIGL,,,Papua New Guinea
2865,Yuri,,,Papua New Guinea
2866,Eia,,,Papua New Guinea
2868,BINUMARIEN,,,
2870,KENATI,,,
2871,North Western,,,
2872,NARAK,,,Papua New Guinea
2874,GANJA,,,Papua New Guinea
2876,GENDE,,,Papua New Guinea
2877,TAUYA,,,Papua New Guinea
2878,BIYOM,,,Papua New Guinea
2879,ISABI,,,Papua New Guinea
2881,URIGINA,,,Papua New Guinea
2882,SINSAURU,,,Papua New Guinea
2883,DUMPU,,,Papua New Guinea
2885,KESAWAI,,,Papua New Guinea
2886,SAUSI,,,Papua New Guinea
2887,ASAS,,,Papua New Guinea
2888,Nll,,,Papua New Guinea
2889,Mid-Wahgi WAHGI,,,Papua New Guinea
2890,North-wahgi,,,Papua New Guinea
2891,Medlpa,,,Papua New Guinea
2892,MARING,,,Papua New Guinea
2893,KALAM,,,Papua New Guinea
2894,GANTS,,,Papua New Guinea
2895,AMELE,,,Papua New Guinea
2896,MUNIT,,,Papua New Guinea
2897,GUMALU,,,Papua New Guinea
2898,BAU,,,Papua New Guinea
2899,MAWAN,,,Papua New Guinea
2900,BAIMAK,,,Papua New Guinea
2901,USU,,,
2903,BRERI,,,Papua New Guinea
2904,ROMKUN,,,Papua New Guinea
2905,IGANA,,,Papua New Guinea
2906,KOMINIMUNG,,,Papua New Guinea
2907,AKRUKAI,,,Papua New Guinea
2909,EMERUM,,,Papua New Guinea
2910,OSUM,,,Papua New Guinea
2911,PAYNAMAR,,,Papua New Guinea
2912,ATEMPLE,,,Papua New Guinea
2913,ANGAUA,,,Papua New Guinea
2914,AIOME,,,Papua New Guinea
2915,ANOR,,,Papua New Guinea
2916,SILEIBI,,,Papua New Guinea
2918,KOWAKI,,,Papua New Guinea
2919,MOERE,,,Papua New Guinea
2920,BEPOUR,,,Papua New Guinea
2921,TANI,,,Papua New Guinea
2922,ULINGAN,,,Papua New Guinea
2924,MAWAK,,,Papua New Guinea
2925,HINIHON,,,Papua New Guinea
2926,WANAMBRE,,,Papua New Guinea
2927,MUSAR,,,Papua New Guinea
2929,YABEN,,,Papua New Guinea
2930,DIMIR,,,Papua New Guinea
2931,MUGIL,,,Papua New Guinea
2932,ABASAKUR,,,Papua New Guinea
2933,KOGUMAN,,,Papua New Guinea
2934,WANUMA,,,Papua New Guinea
2935,WADAGINAM,,,Papua New Guinea
2937,PONDOMA,,,Papua New Guinea
2938,KATIATI,,,Papua New Guinea
2940,PARAWEN,,,Papua New Guinea
2941,YARAWATA,,,Papua New Guinea
2942,KOBON,,,Papua New Guinea
2943,WAIBUK Arama,,,Papua New Guinea
2944,Mambar,,,Papua New Guinea
2945,Hamil,,,Papua New Guinea
2946,MIDSIVINDI,,,Papua New Guinea
2947,ITUTANG,,,Papua New Guinea
2951,Lembum,,,Papua New Guinea
2952,AION Others,,,Papua New Guinea
2954,GAMEI,,,Papua New Guinea
2955,ADJORA,,,Papua New Guinea
2956,BOSMAN,,,Papua New Guinea
2958,Kunei,,,Papua New Guinea
2959,Chimbian,,,Papua New Guinea
2960,Koiwat,,,Papua New Guinea
2961,ANGORAM,,,Papua New Guinea
2963,KARAWARI,,,Papua New Guinea
2965,Eastern SAWOS,,,Papua New Guinea
2966,TATMUL Palimber,,,Papua New Guinea
2967,Nyaura,,,Papua New Guinea
2968,CHAMBRI,,,Papua New Guinea
2969,YERAKAI,,,Papua New Guinea
2970,BOIKEN,,,Papua New Guinea
2971,Central BOIKEN A,,,Papua New Guinea
2972,Central BOIKEN B,,,Papua New Guinea
2973,Yangoru E,,,Papua New Guinea
2974,Yangoru B,,,Papua New Guinea
2975,Yangoru A,,,Papua New Guinea
2976,Yangoru C,,,Papua New Guinea
2977,Yangoru D,,,Papua New Guinea
2978,Maprik,,,Papua New Guinea
2979,Wingei,,,Papua New Guinea
2980,Burui,,,Papua New Guinea
2981,Central TATMUL,,,Papua New Guinea
2982,Wosera ABELAM,,,Papua New Guinea
2983,Yubanakor,,,Papua New Guinea
2984,MEHEK,,,Papua New Guinea
2986,KWASENGEN,,,Papua New Guinea
2987,Kwoma,,,Papua New Guinea
2988,MANAMEU,,,Papua New Guinea
2990,Maie-Yesan,,,Papua New Guinea
2991,MAYO Yau,,,Papua New Guinea
2992,NGALA,,,Papua New Guinea
2994,YANINGARA,,,
2996,LAEKO-LIBUAT,,,Papua New Guinea
2997,BELI,,,Papua New Guinea
2998,PAHI,,,Papua New Guinea
2999,AUQU,,,Papua New Guinea
3001,PASI,,,
3002,Tau,,,Papua New Guinea
3003,Apos,,,Papua New Guinea
3004,KWANGA bongmaise,,,Papua New Guinea
3005,Seim,,,Papua New Guinea
3006,Borgos,,,Papua New Guinea
3007,WEST LOU,,,Papua New Guinea
3008,KAYIK,,,Papua New Guinea
3009,ARU,,,Papua New Guinea
3010,EAST LOU,,,Papua New Guinea
3011,Norht KOMBIO,,,Papua New Guinea
3012,Central KOMBIO,,,Papua New Guinea
3013,South KOMBIO,,,Papua New Guinea
3014,Central RUAT,,,Papua New Guinea
3015,West YAMBES,,,Papua New Guinea
3016,East YAMBS,,,Papua New Guinea
3017,Bonahol,,,Papua New Guinea
3018,Timingir,,,Papua New Guinea
3019,Urita,,,Papua New Guinea
3020,AUTU,,,Papua New Guinea
3021,AU,,,Papua New Guinea
3022,NAMBI,,,Papua New Guinea
3023,NINGI,,,Papua New Guinea
3024,BOUYE,,,Papua New Guinea
3027,GNAU,,,Papua New Guinea
3028,KARAWA,,,Papua New Guinea
3030,ANAL,,,Papua New Guinea
3031,NAMIE,,,Papua New Guinea
3032,AK,,,Papua New Guinea
3035,AWUN,,,Papua New Guinea
3036,WOGAMUSIN,,,Papua New Guinea
3038,CHENAPIAN,,,Papua New Guinea
3039,IWAM Upriver,,IWAM Upriver,Papua New Guinea
3040,IWAM Downriver,,,Papua New Guinea
3042,Western BITARA,,,Papua New Guinea
3043,Eastern BITARA,,,Papua New Guinea
3044,Hiowe,,,Papua New Guinea
3045,SANIO,,,Papua New Guinea
3046,PAI,,,Papua New Guinea
3047,WALIO,,,Papua New Guinea
3048,YABIO,,,Papua New Guinea
3049,TUWARI,,,Papua New Guinea
3050,AMTO,,,Papua New Guinea
3051,MUSIAN,,,Papua New Guinea
3052,AMA,,,Papua New Guinea
3053,ROCKY PEAK,,,Papua New Guinea
3054,BO,,,Papua New Guinea
3055,OWINIGA,,,Papua New Guinea
3056,TERI,,,Papua New Guinea
3057,Nimo,,,Papua New Guinea
3058,NIMO Nakwi,,,Papua New Guinea
3059,BUSA,,,Papua New Guinea
3061,DURANMIN,,,Papua New Guinea
3063,PAPI,,,
3064,South Mianmin,,,Papua New Guinea
3065,Umairof,,,Papua New Guinea
3067,Feramin,,,Papua New Guinea
3068,TELEFOL,,,Papua New Guinea
3069,Busilmin,,,Papua New Guinea
3070,TIFAL,,,Papua New Guinea
3071,FALWOL,,,Papua New Guinea
3072,SETAMAN,,,Papua New Guinea
3073,BIMIN,,,Papua New Guinea
3074,DUNA,,,Papua New Guinea
3075,WUTUNG,,,Papua New Guinea
3076,YANIMO,,,Papua New Guinea
3077,RAWO,,,Papua New Guinea
3081,PUARI,,,Papua New Guinea
3083,SERA,,,Papua New Guinea
3084,ORMU,Indonesia,,
3085,YOTAFA,Indonesia,,
3086,NAFRI,Indonesia,,
3087,East SENTANI,Indonesia,,
3088,MORWAP,,,
3089,TARPIA,Indonesia,,
3090,Central TANAHMERAH,Indonesia,,
3091,Eastern TANAHMERAH,Indonesia,,
3092,DEMTA,Indonesia,,
3093,Western TANAHMERAH,Indonesia,,
3094,Makwei,Indonesia,,
3095,SOBEI,Indonesia,,
3096,BONGO,Indonesia,,
3097,URIA,Indonesia,,
3098,SENTANI Central,Indonesia,,
3099,West SENTANI,Indonesia,,
3100,NIMBORAN,Indonesia,,
3101,Knwansu,Indonesia,,
3102,Gresi,Indonesia,,
3103,KEMTUK,Indonesia,,
3105,MAWES,Indonesia,,
3106,MAREMGI,,,
3107,MASSEP ?,Indonesia,,
3108,AIRORAN,Indonesia,,
3109,North-Western KWERBA,Indonesia,,
3110,WARENBORI,Indonesia,,
3112,Southern KWERBA,Indonesia,,
3113,PAUWI,Indonesia,,
3114,TAIRAP,Indonesia,,
3115,WARES ?,Indonesia,,
3116,MANDER,Indonesia,,
3117,BONERIF,Indonesia,,
3118,ITIK,Indonesia,,
3119,KWESTEN,Indonesia,,
3120,Sewar,Indonesia,,
3121,Safrontani,Indonesia,,
3122,Berk,Indonesia,,
3123,Wat BERIK,Indonesia,,
3124,Bew,Indonesia,,
3125,Guamer,Indonesia,,
3126,Daranto,Indonesia,,
3127,AUSTRONESIAN,Indonesia,,
3129,Western SABERI(ISIRAWA),Indonesia,,
3130,Eastern SABERI (ISIRAWA),Indonesia,,
3131,SASAWA,Indonesia,,
3132,KWERBA,Indonesia,,
3133,North-eastern KWERBA,Indonesia,,
3134,SAMAROKENA,Indonesia,,
3135,KAURE,Indonesia,,
3137,NARAU,Indonesia,,
3138,TOFAMNA,Indonesia,,
3140,SAUSE,,,
3141,KAPORP,,,
3142,FOAU,,,
3143,USKU,,,
3144,MOLOF,,,
3145,TOWEI,Indonesia,,
3146,DUBU,Indonesia,,
3147,YAFI,Indonesia,,
3148,Ok Bab,Indonesia,,
3149,Kirome,Indonesia,,
3150,KINOME,Indonesia,,
3152,Keririmna,Indonesia,,
3153,Eipo,Indonesia,,
3154,Bime,Indonesia,,
3155,Kamume,Indonesia,,
3156,Teli,Indonesia,,
3157,Baine,Indonesia,,
3158,Tanime,Indonesia,,
3159,Limeri,Indonesia,,
3160,"GRAND VALLEY DANY, lower of Valley",Indonesia,,
3161,Lower Aikhe,Indonesia,,
3162,TAWORTA,,,
3163,TACRI SO,,,
3164,AIKWAKAI,,,
3165,PAPASENA,,,
3166,WERETAI,,,
3167,TAOGWE,,,
3168,WAFOPEN,Indonesia,,
3169,SAURI?,Indonesia,,
3170,KOREI?,Indonesia,,
3171,WAROPEN,Indonesia,,
3172,BAROPAST,Indonesia,,
3174,SIROMI?,Indonesia,,
3175,NISA ?,,,
3176,Benefa ?,,,
3177,BAUZI,Indonesia,,
3179,BABURIWA,Indonesia,,
3180,Mid-Mbiyandoga,Indonesia,,
3182,Mid-Kemandoga,Indonesia,,
3183,WODANI,Indonesia,,
3184,Western TURU,,,
3185,Southern TURU,,,
3186,South Eastern TURU,,,
3187,Northern TURU,,,
3188,Northern East TURU,,,
3189,? BAPU,Indonesia,,
3192,WOROPEN Napan,Indonesia,,
3194,TARUNGGARE,Indonesia,,
3195,TAORI-KEI,,,
3196,Kandepe,,,Papua New Guinea
3197,ENGA Layapo,,,Papua New Guinea
3198,NETE,,,Papua New Guinea
3199,West Central Family,,,Papua New Guinea
3201,W.lpili,,,Papua New Guinea
3203,E.lpili,,,Papua New Guinea
3204,Mongolipa,,,Papua New Guinea
3205,HEWA,,,Papua New Guinea
3208,Malamuni,,,Papua New Guinea
3210,ENGA Iniai,,,Papua New Guinea
3211,SUMARIUR,,,Papua New Guinea
3212,SUMARIUI,,,Papua New Guinea
3213,Kiane,,,
3214,HULI,,,Papua New Guinea
3215,KATINJA,,,Papua New Guinea
3216,N.W Kewa,,,Papua New Guinea
3217,N Mendi(Angal),,,Papua New Guinea
3220,Augu,,,Papua New Guinea
3221,W.Mendi Heneng Nipa,,,Papua New Guinea
3222,Wala MENDI,,,Papua New Guinea
3223,Megi,,,Papua New Guinea
3224,S.Mendi(S.Angal Heneng),,,Papua New Guinea
3225,FOE,,,Papua New Guinea
3227,IPIKO,,,Papua New Guinea
3228,Gibaio,,,Papua New Guinea
3229,Urarna,,,Papua New Guinea
3230,Gope,,,Papua New Guinea
3231,POROME,,,Papua New Guinea
3232,Waraga,,,Papua New Guinea
3233,Pupitau,,,Papua New Guinea
3234,Suri,,,Papua New Guinea
3235,Boro,,,Papua New Guinea
3236,Siligi,,,Papua New Guinea
3237,Sopese,,,Papua New Guinea
3238,Diauwereke,,,Papua New Guinea
3239,Omo,,,
3240,Erave Dadibi,,,Papua New Guinea
3242,Aurei,,,
3244,BARUYA,,,Papua New Guinea
3246,KEURU Aheave,,,Papua New Guinea
3247,DYUGUN,Australia,Australia,
3248,Djeebbanan Family-Level Isolate,Australia,Australia,
3250,Burarran Family,Australia,Australia,
3252,Nakkaran Family-Level Isolate,Australia,Australia,
3255,Gunwinyguan Family,Australia,Australia,
3256,Nhulunbuy,Australia,Australia,
3257,Minginan Family-Level Isolate,Australia,Australia,
3258,Enindhilyagwan Family-Level Isolate,Australia,Australia,
3259,NGALAKAN,Australia,Australia,
3261,NGALIWURU,Australia,Australia,
3262,DJAWI,Australia,Australia,
3263,South-West Group,Australia,Australia,
3264,Yiwaidjan Family,Australia,Australia,
3267,Gagudjuan Family-Level Isolate,Australia,Australia,
3268,Mangerrian Family,Australia,Australia,
3270,Warayan Family-Level Isolate,Australia,Australia,
3271,NGENKI-WUMERRI,Australia,Australia,
3272,Daly Family,Australia,Australia,
3274,Gungaraganyan Family-Level Isolate,Australia,Australia,
3276,Badjala,Australia,Australia,
3278,WAGIMAN,Australia,Australia,
3279,Yangmanic Group,Australia,Australia,
3281,ALAWA,Australia,Australia,
3282,MANGARAYI,Australia,Australia,
3283,GAYARDILT,Australia,Australia,
3285,GARADYARI,Australia,Australia,
3286,NGARLA,Australia,Australia,
3287,"NYAMAL,INLAND",Australia,Australia,
3288,AGARLUMA,Australia,Australia,
3289,MARTU YHUNIRA,Australia,Australia,
3290,KARIVARRA,Australia,Australia,
3292,NHUWALA,Australia,Australia,
3295,SOUTH-West Group,Australia,Australia,
3296,YANYUWA,Australia,Australia,YANYUWA
3297,Null,,,
3298,Bunwurung,Australia,Australia,
3300,PERAMANGK,Australia,Australia,
3301,NUNUNGAL,Australia,Australia,
3302,GOWAR,Australia,Australia,
3303,BAYALI,Australia,Australia,
3305,BANDYIN,Australia,Australia,
3306,LARDIL,Australia,Australia,
3307,Mangarayan Family-Level Isolate,Australia,Australia,
3309,NO,Australia,Australia,
3310,MURRINHPATHA,Australia,Australia,
3312,Nunggubuyan Family-Level Isolate,Australia,Australia,
3315,Tiwian Family-Level Isolate,Australia,Australia,
3319,KALA LAGAW YA,Australia,Australia,
3320,BUNABA,Australia,Australia,
3321,GUNIYAN,Australia,Australia,
3322,Wunambal Gambera Miwa,Australia,Australia,
3323,Guluwarin Kitja,Australia,Australia,
3324,NYIGINA,Australia,Australia,
3325,YAWURU,Australia,Australia,
3326,Nyulnyulan Family,Australia,Australia,
3327,WARWA,Australia,Australia,
3330,DJINGILI,Australia,Australia,
3331,Djingili-Wambayan Family,Australia,Australia,
3332,WAMBAYA,Australia,Australia,
3333,MINGIN,Australia,Australia,
3334,NGANYAYWA,Australia,Australia,
3335,DYANGADI,Australia,Australia,
3336,THAWA,Australia,Australia,
3337,NGUNAWAL,Australia,Australia,
3339,Warrim,Australia,Australia,
3340,AWAEAKAL,Australia,Australia,
3341,BIRBAY,Australia,Australia,
3342,GADANG Gadang,Australia,Australia,
3343,YALARNNGIC,Australia,Australia,
3344,Ungarinjin Guwidj Wilawila Wolyamidi,Australia,Australia,
3345,Unggumi  Worord,Australia,Australia,
3346,Gadjerawang Miriwung,Australia,Australia,
3348,Waka-Kabic Group,Australia,Australia,
3349,Wiradhuric Group,Australia,Australia,
3350,KDINJMAL KINGKEL,Australia,Australia,
3351,GUWENG,Australia,Australia,
3353,GAYABARA,Australia,Australia,
3354,Yuin-Kuric Group,Australia,Australia,
3355,YAYGIR,Australia,Australia,
3356,NGUNDANBI,Australia,Australia,
3358,WULI WULI,Australia,Australia,
3359,Bandjalangic Group,Australia,Australia,
3360,YAGARA,Australia,Australia,
3361,Gumbaynggiric Group,Australia,Australia,
3364,Yidinyic Group,Australia,Australia,
3365,YIDINY,Australia,Australia,
3366,WANYURR,Australia,Australia,
3367,Maric Group,Australia,Australia,
3368,Nyawaygic Group,Australia,Australia,
3369,BARROW POINT,Australia,Australia,
3370,Paman Group,Australia,Australia,
3372,NORTHERN PAMA,Australia,Australia,
3373,NORTH EASTERN PAMA,Australia,Australia,
3376,GALIBAMU,Australia,Australia,
3377,YANDA,Australia,Australia,
3379,WARLMANPA,Australia,Australia,
3380,DARAMBAL,Australia,Australia,
3382,MANGARLA,Australia,Australia,
3387,DYIRBAL,Australia,Australia,
3390,NGARDI,Australia,Australia,
3393,WANGKAJUNGKA,Australia,Australia,
3394,BIRRIA,Australia,Australia,
3395,PINTUPI,Australia,Australia,
3396,Karnic Group,Australia,Australia,
3398,GUWA,Australia,Australia,
3399,YIRANDHALI,Australia,Australia,
3402,GALGADUNGIC,Australia,Australia,
3403,Wagaya-Warluwaric Group,Australia,Australia,
3404,Muruwaric Group-Level Isolate,Australia,Australia,
3406,ANDEGEREBINHA,Australia,Australia,
3408,YURUWINGA,Australia,Australia,
3409,Ngangurugu,Australia,Australia,
3411,Ngarinyeric-Yithayithic Grop,Australia,Australia,
3412,BUNGANDIDJ,Australia,Australia,
3413,KOLAKNGAT,Australia,Australia,
3414,Kulinic Group,Australia,Australia,
3415,MUK-THANG Dialects:Thangqual(Kratauatungalung),Australia,Australia,
3416,MUK-THANG Dialects:Muk-Thang(Brabiralung),Australia,Australia,
3417,Tatungaiung,Australia,Australia,
3418,Braiakaulung,Australia,Australia,
3420,WATHAWURUNG,Australia,Australia,
3422,MARAWARA,Australia,Australia,
3423,DYIRRINGANY,Australia,Australia,
3424,DHARAWAL,Australia,Australia,
3425,GUNDUNGURA,Australia,Australia,
3426,DHURGA,Australia,Australia,
3427,Walgalu,Australia,Australia,
3428,Thana-wurung,Australia,Australia,
3429,MUK-THANG Dialects:Bidhawal,Australia,Australia,
3431,PALLANGANM DDANG,Australia,Australia,
3433,WIRADHURI,Australia,Australia,
3435,DHUDUROA,Australia,Australia,
3436,YABULA YABULA,Australia,Australia,
3437,YOTA YOTA,Australia,Australia,
3439,Ngawait,Australia,Australia,
3440,NARRUNGGA,Australia,Australia,
3441,KAURNA,Australia,Australia,
3442,NUGUNU,Australia,Australia,
3443,WADIGALI,Australia,Australia,
3444,NGADJURI,Australia,Australia,
3445,BANDJIGALI BANDJIGALI,Australia,Australia,
3446,WILYAGALI,Australia,Australia,
3447,WANYUBARLGU,Australia,Australia,
3448,SOUTHERN bAAGANDJI,Australia,Australia,
3450,Erawirung,Australia,Australia,
3452,KERAMIN,Australia,Australia,
3453,NARI-NARI,Australia,Australia,
3454,GURNU,Australia,Australia,
3455,Baagandji Group,Australia,Australia,
3457,YITHA-YITHA,Australia,Australia,
3458,YARLUYANDI,Australia,Australia,
3460,DIYARI,Australia,Australia,
3461,DIRARI,Australia,Australia,
3464,Arandic Group,Australia,Australia,
3465,ANMATJIRRA,Australia,Australia,
3466,Aradnic Group,Australia,Australia,
3468,ALYAWARRA,Australia,Australia,
3469,Ngarkat,Australia,Australia,
3472,DHANGGAGARLI,Australia,Australia,
3473,EASTERN ARANDA,Australia,Australia,
3474,GUYANI,Australia,Australia,
3475,ADYNYAMATHANHA,Australia,Australia,
3476,WAANYI,Australia,Australia,
3477,GARAWA,Australia,Australia,
3478,YUGULDA,Australia,Australia,
3479,NYANGGA,Australia,Australia,
3480,WAGAYA,Australia,Australia,
3481,WARUMUNGU,Australia,Australia,
3482,GAYIYAMAR / MARA,Australia,Australia,
3483,YUGUL,Australia,Australia,
3484,GUUGU YIMIDHIRR,Australia,Australia,
3485,DJANGUN / MULURIDYI,Australia,Australia,
3486,GUGU YALANDYI,Australia,Australia,
3490,Western  SOUTHERN TASMANIAN,Australia,Australia,
3493,South-eastern  SOUTHERN TASMANIAN,Australia,Australia,
3494,NORTHERN TASMANIAN,Australia,Australia,
3495,Mid-eastern  SOUTHERN TASMANIAN,Australia,Australia,
3496,North-eastern  SOUTHERN TASMANIAN,Australia,Australia,
3498,Tasmanian,Australia,Australia,
3502,Yotayotic Group,Australia,Australia,
3514,Adiba,,,
3516,AGARABI,,,Papua New Guinea
3517,UKURIGUMA,,,Papua New Guinea
3518,BILAKURA,,,Papua New Guinea
3519,AMAIMON,,,Papua New Guinea
3523,RAO,,,Papua New Guinea
3524,GOROVU,,,Papua New Guinea
3525,KUNDUN,,,Papua New Guinea
3526,MORESADA,,,Papua New Guinea
3527,YONGGOM,,,Papua New Gu
3528,KAETI,,,Papua New Guinea
3530,HUMENE,,,
3531,Tublamo,,,Papua New Guinea
3532,Buaga,,,Papua New Guinea
3533,Kubuli,,,Papua New Guinea
3534,Kega,,,Papua New Guinea
3535,Omene,,,Papua New Guinea
3536,Alepa,,,Papua New Guinea
3537,Vora,,,Papua New Guinea
3540,N-E KOIARI,,,Papua New Guinea
3541,Eastern,,,Papua New Guinea
3542,Lesser Eastern,,,Papua New Guinea
3543,GAINA,,,Papua New Guinea
3545,KUMAN,,,Papua New Guinea
3546,NAGANE,,,Papua New Guinea
3547,Aua,,,Papua New Guinea
3549,Papua New Guinea,,,
3551,TAKIA,,,Papua New Guinea
3553,GABUTAMUN,,,Papua New Guinea
3554,Central TIMBE,,,Papua New Guinea
3555,MAMAM,,,Papua New Guinea
3556,BENARENA,,,Papua New Guinea
3557,Gotomi,,,Papua New Guinea
3558,KALULI,,,Papua New Guinea
3560,North URAT,,,Papua New Guinea
3561,South URAT,,,Papua New Guinea
3562,YU,,,Papua New Guinea
3563,ELKEI,,,Papua New Guinea
3565,AIKL,,,Papua New Guinea
3566,Torricelli Phylum,,,Papua New Guinea
3568,ALU,,,Papua New Guinea
3569,GALU,,,Papua New Guinea
3570,AGI,,,Papua New Guinea
3571,YAPUNDA,,,Papua New Guinea
3572,ARUOP,,,Papua New Guinea
3573,BRAGAT,,,Papua New Guinea
3574,ULAU-SUAIN,,,Papua New Guinea
3575,ALI,,,Papua New Guinea
3576,BUN,,,Papua New Guinea
3577,MIYAK,,,Papua New Guinea
3578,ALFENDIO,,,Papua New Guinea
3579,YURI,,,Papua New Guinea
3582,WARIS,,,Papua New Guinea
3583,WAINA,,,Papua New Guinea
3584,AMANAB,,,Papua New Guinea
3585,DEAR,,,Papua New Guinea
3586,EMUMU,Indonesia,,
3587,Duka-Ekor,,,Papua New Guinea
3588,Apmisibil,,,Papua New Guinea
3589,Lower Bele,,,
3590,Hegenagi,Indonesia,,
3591,MONI Dugindoga,Indonesia,,
3592,Kemandoga,Indonesia,,
3595,Kubalia B,,,Papua New Guinea
3596,Kubalia A,,,Papua New Guinea
3597,Naguim C,,,Papua New Guinea
3598,Naguim B,,,Papua New Guinea
3599,Naguim A,,,Papua New Guinea
3600,E-Coast,Indonesia,,
3601,W-Coast,Indonesia,,
3602,FALAMUL,Indonesia,Indonesia,
3604,RON,Indonesia,,
3605,MOESWAR,Indonesia,,
3606,KURUDU,Indonesia,,
3607,KANDAS,,,Papua New Guinea
3608,Laket,,,Papua New Guinea
3609,SURSURUNGA,,,Papua New Guinea
3610,Maket,,,Papua New Guinea
3611,Patpatar,,,Papua New Guinea
3612,Pala,,,Papua New Guinea
3613,Sokirik,,,Papua New Guinea
3614,Usen,,,Papua New Guinea
3615,Barok,,,Papua New Guinea
3616,Mesi,,,Papua New Guinea
3617,Lelet,,,Papua New Guinea
3618,Danu,,,Papua New Guinea
3619,Malom,,,Papua New Guinea
3620,Katingan,,,Papua New Guinea
3621,Ugana,,,Papua New Guinea
3622,Lavatbura,,,Papua New Guinea
3623,Lamusong,,,Papua New Guinea
3624,Kontu,,,Papua New Guinea
3625,NOTSI,,,Papua New Guinea
3627,NALIK,,,Papua New Guinea
3628,KUOT(PANARAS),,,Papua New Guinea
3630,Western KARA,,,Papua New Guinea
3631,Eastern KARA,,,Papua New Guinea
3632,Western TIGAK,,,Papua New Guinea
3634,TIANG,,,Papua New Guinea
3635,Southern TIGAK,,,Papua New Guinea
3636,Central TIGAK,,,Papua New Guinea
3637,Anir,,,
3639,Tangga,,,
3641,Konomala,,,Papua New Guinea
3642,SIRA,,,Papua New Guinea
3643,KILENGE,,,Papua New Guinea
3644,MALEU,,,Papua New Guinea
3645,BARIAI,,,Papua New Guinea
3646,LONGA,,,Papua New Guinea
3647,ARAWE,,,Papua New Guinea
3648,Kaliai,,,Papua New Guinea
3649,ANEM,,,Papua New Guinea
3650,MOK-AFIA(BIBLING),,,Papua New Guinea
3651,PULIF,,,Papua New Guinea
3652,IDNE?,,,Papua New Guinea
3653,Aria,,,Papua New Guinea
3654,Kove,,,Papua New Guinea
3655,BOLA,,,Papua New Guinea
3656,XARUA,,,Papua New Guinea
3657,KAPORE,,,Papua New Guinea
3658,AUSTRONESIAN,,,Papua New Guinea
3659,SULKA,,,Papua New Guinea
3660,TUMUIP,,,Papua New Guinea
3661,MENGEN,,,Papua New Guinea
3663,BAINING,,,Papua New Guinea
3665,Jramot,,,Papua New Guinea
3666,Asimbali,,,Papua New Guinea
3667,Katrak,,,Papua New Guinea
3668,BUTAM,,,Papua New Guinea
3669,TAULIL,,,Papua New Guinea
3670,MELAMELA,,,Papua New Guinea
3671,Sui,,,Papua New Guinea
3672,Makolkol,,,Papua New Guinea
3673,Kol,,,Papua New Guinea
3674,Mio?,,,Papua New Guinea
3675,Longeinga,,,Papua New Guinea
3677,WASI,,,Papua New Guinea
3678,Mamusi,,,Papua New Guinea
3680,Kakuna,,,Papua New Guinea
3681,UVOL,,,Papua New Guinea
3683,Other ?,,,Papua New Guinea
3684,Poko,,,Papua New Guinea
3685,Kukula,,,Papua New Guinea
3686,Mirapu,,,Papua New Guinea
3687,Sampantabil,,,Papua New Guinea
3688,Maututu,,,Papua New Guinea
3689,Vele,,,Papua New Guinea
3690,Loso,,,Papua New Guinea
3691,Ubae,,,Papua New Guinea
3692,Bileki,,,Papua New Guinea
3693,Bao,,,Papua New Guinea
3694,Getmata,,,Papua New Guinea
3695,PASISMAUNA Eastern Inland,,,Papua New Guinea
3696,Sokhok ?,,,Papua New Guinea
3697,Karore,,,Papua New Guinea
3698,Sengseng,,,Papua New Guinea
3699,Kaulong,,,Papua New Guinea
3700,Miu,,,Papua New Guinea
3701,Gimi,,,Papua New Guinea
3702,RAUTO,,,Papua New Guinea
3703,LAMOGAI,,,Papua New Guinea
3704,Babagarupu,,,Papua New Guinea
3705,Baiawa,,,
3706,Yatfle,Indonesia,,
3707,Imyan,Indonesia,,
3708,Sfaryere,Indonesia,,
3709,Salmeyt,Indonesia,,
3710,MOR,Indonesia,,
3713,URUANGNIRIN,Indonesia,,
3714,MAPIA,Indonesia,,
3716,SOBEI,,,
3721,MANEM,,,
3722,South Boazi,,,
3723,North Boazi,,,Papua New Gu
3724,North Yey,Indonesia,,
3725,South YEY,Indonesia,,
3726,North KANUM,Indonesia,,
3727,Central KANUM,Indonesia,,
3729,GURINGGAI,Australia,Australia,
3730,IYORA,Australia,Australia,
3731,NGAGU,Australia,Australia,
3732,NGAMBAA,Australia,Australia,
3748,PUKAPUKA,,,
3753,PA'UMOTU,,,
3755,TAHITIAN,,,
3761,HAWAIIAN,,,
3772,North Mianmin(Wagarabi),,,
3774,NGALUM Ngaium,Indonesia,,
3775,KAUWOL,,,
3776,NINGGIRUM Kasuwa,,,
3777,Ninggirunt,,,
3778,SOUTH KATI,Indonesia,,
3779,KOTOGUT ?,Indonesia,,
3780,ABAU,,,
3781,PYU,,,
3782,South KANUM,,,
3783,Eastern GIZRA,,,
3785,Northern GIDRA,,,
3786,KWOMA nukuma,,,
3787,KAUNGA,,,
3788,North-Western PAWAIA,,,
3789,MIKARU Mikaru Padibi,,,Papua New Guinea
3791,KOVAI,,,Papua New Guinea
3792,Kaimange,,,Papua New Guinea
3793,MUTU,,,Papua New Guinea
3794,BARIM,,,Papua New Guinea
3799,MANGAP,,,
3801,WERI Biaru-Waria,,,Papua New Guinea
3802,Sepoe,,,Papua New Guinea
3803,Morigi-lokea,,,Papua New Guinea
3804,Moreave Toaripi,,,Papua New Guinea
3805,DOBU,,,Papua New Guinea
3806,SEWA BAY,,,Papua New Guinea
3807,BUNAMA,,,Papua New Guinea
3808,DUAU,,,Papua New Guinea
3809,KURADA,,,
3810,IDUNA,,,Papua New Guinea
3811,DIODIO,,,Papua New Guinea
3812,BWAIDOKA,,,Papua New Guinea
3813,KALORALO,,,Papua New Guinea
3814,MOLIMA,,,Papua New Guinea
3815,GALEYA,,,Papua New Guinea
3817,YAMALELE,,,Papua New Guinea
3818,FAGULULU,,,Papua New Guinea
3819,BOSILEWA,,,Papua New Guinea
3820,GUMASI,,,
3821,WATALUMA,,,Papua New Guinea
3822,Logea,,,
3823,Sariba,,,
3825,Asiaoro,,,
3826,Pauia,,,
3827,Yoliapi,,,
3828,WOGEO,,,
3834,BOIKEN Island,,,
3836,BUNGAIN,,,Papua New Guinea
3837,Kaiep,,,Papua New Guinea
3838,KAIEP Terebu,,,Papua New Guinea
3839,ATURU,,,
3852,SOUTHERN KIWAI,,,
3859,Island Kiwai,,,
3860,Island Kiwa,,,
3873,Northern MABUIAG,,,
3875,E.Coastal Kiwai,,,
3877,Simberi,,,
3878,Tatau,,,
3879,Tabar,,,
3880,TIGAK Island,,,
3887,HALIA,,,Papua New Guinea
3888,SOLOS,,,Papua New Guinea
3889,HAHON,,,Papua New Guinea
3890,TIMPUTZ,,,Papua New Guinea
3891,TEOP,,,Papua New Guinea
3892,KONUA,,,Papua New Guinea
3893,KERIAKA,,,Papua New Guinea
3894,ROTOKAS,,,Papua New Guinea
3895,BANONI,,,Papua New Guinea
3896,EIVO,,,Papua New Guinea
3897,TORAU,,,Papua New Guinea
3898,NAGOVISI,,,Papua New Guinea
3899,NASIO,,,Papua New Guinea
3900,BUIN,,,Papua New Guinea
3901,Mono,,,
3902,Fauro,,,
3903,VAGHUA,,,Solomon Islands
3904,Ghone VARISI,,,Solomon Islands
3905,Babatana,,,Solomon Islands
3906,RIRIO,,,Solomon Islands
3907,Varisi,,,Solomon Islands
3908,Kataz,,,Solomon Islands
3909,EAST SHOISEUL,,,Solomon Islands
3910,Lomaumbi,,,Solomon Islands
3911,Avaso,,,Solomon Islands
3912,GHANONGGA,,,Solomon Islands
3913,LUNGGA,,,Solomon Islands
3914,SIMBO,,,
3915,KUSAGHE,,,Solomon Islands
3916,HOAVA,,,Solomon Islands
3917,AZUKURU(Extinct),,,Solomon Islands
3918,ROVIANA,,,Solomon Islands
3919,MAROVO,,,Solomon Islands
3921,VANGUNU Mbareke,,,Solomon Islands
3924,VANGUNU,,,Solomon Islands
3925,UGHELE,,,Solomon Islands
3932,LAGHU,,,Solomon Islands
3933,KOKOTA,,,Solomon Islands
3934,ZAZAO,,,Solomon Islands
3935,BLABLANGA,,,Solomon Islands
3936,GAO,,,Solomon Islands
3937,MARINGE,,,Solomon Islands
3938,BUGOTU,,,Solomon Islands
3939,SAVOSAVO,,,
3940,MALANGO,,,Solomon Islands
3941,LENGO,,,Solomon Islands
3942,LONGGU,,,Solomon Islands
3943,MARAU,,,Solomon Islands
3944,BIRAPO,,,Solomon Islands
3945,KWARA AE,,,Solomon Islands
3946,LANGALANGA,,,Solomon Islands
3947,KWAIO,,,Solomon Islands
3948,DORIO,,,Solomon Islands
3949,'ARE'ARE,,,Solomon Islands
3950,LAU,,,Solomon Islands
3951,Ulawa,,,
3952,SOUTH MALAITAN,,,
3953,Sa'a,,,Solomon Islands
3954,OROHA,,,Solomon Islands
3955,AROS,,,Solomon Islands
3956,Rihu'a,,,Solomon Islands
3957,Agufi,,,Solomon Islands
3958,Haununu,,,Solomon Islands
3959,Rawo,,,Solomon Islands
3960,KAHUA,,,Solomon Islands
3961,BAURO,,,Solomon Islands
3962,K,,,Solomon Islands
3963,FAGANI,,,Solomon Islands
3964,Poleo,,,Solomon Islands
3965,Koo,,,Solomon Islands
3966,Malageti,,,Solomon Islands
3967,Talise,,,Solomon Islands
3968,Tolo,,,Solomon Islands
3969,Moli,,,Solomon Islands
3970,Paripau,,,Solomon Islands
3971,Gari,,,Solomon Islands
3972,Geri,,,Solomon Islands
3973,Nginia,,,Solomon Islands
3974,Tandai,,,Solomon Islands
3975,Ndi,,,Solomon Islands
3976,Gae,,,Solomon Islands
3977,To'abaita,,,Solomon Islands
3978,Baelelea,,,Solomon Islands
3979,Baeguu,,,Solomon Islands
3980,Fataleka,,,Solomon Islands
3981,Bellona,,,
3982,Sepa,Indonesia,Indonesia,
3983,AMAHAI,Indonesia,Indonesia,
3985,ATAMANU,Indonesia,Indonesia,
3986,PAULOH,Indonesia,Indonesia,
3987,LISABATA-NONIALI,Indonesia,Indonesia,
3988,Malayan Group,Indonesia,Indonesia,
3989,Tala River,Indonesia,Indonesia,
3990,Southern ALUNE,Indonesia,Indonesia,
3991,SALEMAN,Indonesia,Indonesia,
3992,Central ALUNE,Indonesia,Indonesia,
3994,WEMALE,Indonesia,Indonesia,
3996,KAIBOBO,Indonesia,Indonesia,
3997,Piru,Indonesia,Indonesia,
3998,Sulawesi,Indonesia,Indonesia,
4000,LUHU,Indonesia,Indonesia,
4006,BOANO,,,
4009,Northern ALUNE,Indonesia,Indonesia,
4011,Sulawesi,,,
4017,LUHU Keleng,Indonesia,Indonesia,
4018,MANIPA,Indonesia,Indonesia,
4020,Wai,Indonesia,Indonesia,
4021,HADUKU,Indonesia,Indonesia,
4024,Ambon Malay,Indonesia,Indonesia,
4025,Saparua,Indonesia,Indonesia,
4026,Ambon Malay,,,
4027,NUSALAUT,,,
4028,HITU,Indonesia,Indonesia,
4030,N.E. Costal,Indonesia,Indonesia,
4031,LOUN,Indonesia,Indonesia,
4032,GESER-GORAM,Indonesia,Indonesia,
4033,MASIWANG,Indonesia,Indonesia,
4034,BOBOT,Indonesia,Indonesia,
4035,SETI,Indonesia,Indonesia,
4037,Kobi-Benggoi,Indonesia,Indonesia,
4040,Teluti,Indonesia,Indonesia,
4043,NUAULU,Indonesia,Indonesia,
4045,MANUSELA,Indonesia,Indonesia,
4049,NEW ZALAND MAORI,,,
4052,FUTUNA-AMOWA,,,
4054,KWAMERA,,,Vanuatu
4055,S.W.TANNA,,,Vanuatu
4056,WHITESANDS,,,Vanuatu
4057,LENAKE,,,Vanuatu
4058,NORTH TANNA,,,Vanuatu
4059,URA,,,Vanuatu
4060,SIE,,,Vanuatu
4061,MOTA,,,
4062,MOTLAV,,,
4063,LOH,,,
4065,HIW,,,
4069,LEHALI,,,
4070,LEHALURUP,,,
4071,MERLAV,,,
4072,WETAMUT,,,Vanuatu
4073,NUME,,,Vanuatu
4074,KORO,,,Vanuatu
4075,LAKONA,,,Vanuatu
4076,MOSINA,,,Vanuatu
4077,VATRATA,,,Vanuatu
4078,EMAE,,,
4079,VALPEI,,,
4080,VUNAPU,,,
4081,NOKUKU,,,
4082,PIAMATSINA,,,
4083,WUSI,,,
4084,TASMATE,,,
4085,SAKAO,,,
4086,LOREDIAKARKAR,,,
4087,TOLOMAKO,,,
4088,AKEI,,,
4089,SHARKBAY,,,
4090,TUTUBA,,,
4091,MALMARIV,,,
4092,NAVUT,,,
4093,LAMETIN,,,
4094,MOROUAS,,,
4095,RORIA,,,
4096,FORTSENAL,,,
4097,NARANGO,,,
4098,TANGOA,,,
4099,WAILAPA,,,
4100,AMBLONG,,,
4101,MAFEA,,,
4103,BUTMAS TUR,,,
4105,AORE,,,
4106,ARAKI,,,
4107,North & Central New Hebnides Group,,,Vanuatu
4109,SOUTH WEST BAY,,,Vanuatu
4110,NORTH EFATE,,,Vanuatu
4111,SOUTH FEATE,,,Vanuatu
4112,NAMAKURAN,,,
4118,LEWO,,,Vanuatu
4119,BIEREBO,,,Vanuatu
4120,BAKI,,,Vanuatu
4121,MAII,,,Vanuatu
4122,BIERIA,,,Vanuatu
4123,PAAMA,,,
4125,MASKELYNES,,,
4127,NORTH AMBRYM,,,Vanuatu
4128,SOUTH-EAST AMBRYM,,,Vanuatu
4129,PORT VATO,,,Vanuatu
4130,DAKAKA,,,Vanuatu
4131,LONWOLWDL,,,Vanuatu
4132,MPOTOVORO,,,Vanuatu
4133,VOVO,,,Vanuatu
4134,MALUABAY,,,Vanuatu
4135,VAO,,,Vanuatu
4136,ATCHIN,,,Vanuatu
4137,MAE,,,Vanuatu
4138,LAREVAT,,,Vanuatu
4139,URIPIV-WALA-RANO,,,Vanuatu
4140,LINGARAK,,,Vanuatu
4141,VINMAVIS,,,Vanuatu
4142,LETEMBOI,,,Vanuatu
4143,LABO,,,Vanuatu
4144,MALFAXAL,,,Vanuatu
4145,BURMBAR,,,Vanuatu
4146,AXAMR,,,Vanuatu
4147,PORT SANDWITH,,,Vanuatu
4148,AULUA,,,Vanuatu
4149,RERE[,,,Vanuatu
4150,UNUA,,,Vanuatu
4151,KATBOL,,,Vanuatu
4152,NASARIAN,,,Vanuatu
4153,DIXON REFE,,,Vanuatu
4154,SA,,,Vanuatu
4155,SOWA,,,Vanuatu
4156,SEKE,,,Vanuatu
4157,APMA,,,Vanuatu
4159,RAGA,,,Vanuatu
4160,BAETORA,,,Vanuatu
4161,CNETRAL MAEWO,,,Vanuatu
4162,MARINO,,,Vanuatu
4163,POLONOMBAUK,,,
4164,TAMBOTALO,,,
4165,MARAGUS,,,Vanuatu
4166,LITZLITZ,,,Vanuatu
4167,B G NAMBAS,,,Vanuatu
4168,REPANBITIP,,,Vanuatu
4169,SONSOROLESE,,,
4173,ULITHIAN,,,
4176,YAPESE,,,
4177,WOLEAIAN,,,
4203,PAAFANG,,,
4206,TRUKESE,,,
4208,MOKILESE,,,
4209,PINGILAPESE,,,
4210,NUKUORO,,,
4211,MORTLOCKESE,,,
4217,KAPINGAMARANGI,,,
4218,NUKURIA,,,
4220,NAMONUITO,,,
4222,PULUWAT,,,
4226,SATAWALESE,,,
4244,FAGA UVEA,,,New Caledonia
4245,IAAI,,,New Caledonia
4246,KUMAK,,,New Caledonia
4247,Yalayu,,,New Caledonia
4248,PAICI,,,New Caledonia
4249,CEMUHI,,,New Caledonia
4250,Heake,,,New Caledonia
4251,Haveke,,,New Caledonia
4252,Waamwang(extinct),,,New Caledonia
4253,Hmwaveke,,,New Caledonia
4254,Vamale,,,New Caledonia
4256,CAAC,,,New Caledonia
4257,YUAGA,,,New Caledonia
4258,JAWE,,,New Caledonia
4259,FWAI,,,New Caledonia
4260,NEMI,,,New Caledonia
4261,PWAPWA,,,New Caledonia
4262,PWAAMEI,,,New Caledonia
4263,PIJE,,,New Caledonia
4264,Bwato,,,
4265,ARHO,,,New Caledonia
4266,ARHA,,,New Caledonia
4267,OROWE,,,New Caledonia
4268,AJIE,,,New Caledonia
4269,NERE,,,New Caledonia
4270,NEKU,,,New Caledonia
4271,Mea,,,New Caledonia
4272,TIRI,,,New Caledonia
4273,XARACUU,,,New Caledonia
4274,DUBEA,,,New Caledonia
4276,Numee,,,New Caledonia
4277,XARAGURE,,,New Caledonia
4280,TAKUU,,,
4281,NUKUMANU,,,
4282,LUANGIUA,,,
4283,SIKAIANA,,,
4284,PILENI Taumako,,,
4286,TIKOPIA,,,
4287,ANUTA,,,
4289,ROTUMAN,,,
4290,WESTERN FIJIAN,,,Fiji
4292,FIJI,,,
4295,NIUAFOOU,,,
4321,TONGAREVA(PENRHYN),,,
4323,MANIHIKI-RAKAHANGA(COOK ISLANDS MAORI),,,
4330,RAPA,,,
4332,AUSTRAL,,,
4335,MANGAREVA,,,
4375,MORIORI(Extinct),,,
4382,YALAYU,,,
4388,BALI-VITU,,,
4392,Watom,,,
4393,Nodum,,,
4394,TOLA,,,Papua New Guinea
4395,Raluana,,,Papua New Guinea
4396,Rokunoi,,,Papua New Guinea
4397,Rebar,,,Papua New Guinea
4398,Kabanga,,,Papua New Guinea
4399,Matupit,,,Papua New Guinea
4400,Masawa,,,Papua New Guinea
4401,Makada,,,
4402,Molot,,,
4403,Utam,,,
4404,Manuan,,,
4405,Kabotirai,,,
4406,Ulu,,,
4407,Mioko,,,
4408,Keraware,,,
4409,KAMARIAN,Indonesia,Indonesia,
4410,Elpaputi Bay,Indonesia,Indonesia,
4411,Seit-Kaitetu,Indonesia,Indonesia,
4412,ASU-ULU,Indonesia,Indonesia,
4413,SAPARUA,Indonesia,Indonesia,
4415,LARIKE-Wakasihu,Indonesia,Indonesia,
4416,Allang,Indonesia,Indonesia,
4417,GESER-GORAM,,,
4420,Bicoli,,,
4422,TERNATE,,,
4424,Mareku,,,
4426,Suasiu,,,
4427,TIDORE,,,
4429,East Makian,,,
4431,West Makian,,,
4439,Tobelo,,,
4440,Temate,,,
4444,Buton,,,
4449,KAWE,,,
4455,BIAK,,,
4459,MATBAT,,,
4463,GEBE,,,
4465,EASTER ISLAND,,,
4467,Yanite,,,Papua New Guinea
4468,YATE Keiayana,,,Papua New Guinea
4469,North FORE,,,Papua New Guinea
4470,Kosena,,,Papua New Guinea
4473,KATANG,,,
4474,KHMU,,,
4475,THAI,,,
4476,BLAGAR,,,
4477,GOGODALA,,,
4480,East Mekeo,,,
4481,Dobudurn,,,
4482,SIRAK,,,
4483,WOM,,,
